{
  "" : {
    "transaction" : "",
    "sampleCount" : 4500,
    "errorCount" : 1312,
    "errorPct" : 29.155556,
    "meanResTime" : 4112.760444444448,
    "medianResTime" : 5000.0,
    "minResTime" : 0.0,
    "maxResTime" : 15085.0,
    "pct1ResTime" : 6784.0,
    "pct2ResTime" : 7066.799999999999,
    "pct3ResTime" : 7785.849999999997,
    "throughput" : 33.091398442498175,
    "receivedKBytesPerSec" : 45.18239076851096,
    "sentKBytesPerSec" : 21.05786364229669
  },
  "Tracker PV-0" : {
    "transaction" : "Tracker PV-0",
    "sampleCount" : 488,
    "errorCount" : 0,
    "errorPct" : 0.0,
    "meanResTime" : 1511.5122950819673,
    "medianResTime" : 1490.5,
    "minResTime" : 378.0,
    "maxResTime" : 8973.0,
    "pct1ResTime" : 2201.6000000000004,
    "pct2ResTime" : 2488.999999999998,
    "pct3ResTime" : 5465.660000000002,
    "throughput" : 37.639799460084845,
    "receivedKBytesPerSec" : 39.734983609718476,
    "sentKBytesPerSec" : 24.480572695719243
  },
  "EVENT-1" : {
    "transaction" : "EVENT-1",
    "sampleCount" : 1,
    "errorCount" : 1,
    "errorPct" : 100.0,
    "meanResTime" : 13.0,
    "medianResTime" : 13.0,
    "minResTime" : 13.0,
    "maxResTime" : 13.0,
    "pct1ResTime" : 13.0,
    "pct2ResTime" : 13.0,
    "pct3ResTime" : 13.0,
    "throughput" : 76.92307692307693,
    "receivedKBytesPerSec" : 195.08713942307693,
    "sentKBytesPerSec" : 0.0
  },
  "Tracker PV-1" : {
    "transaction" : "Tracker PV-1",
    "sampleCount" : 488,
    "errorCount" : 33,
    "errorPct" : 6.7622952,
    "meanResTime" : 5302.850409836063,
    "medianResTime" : 6525.5,
    "minResTime" : 0.0,
    "maxResTime" : 7755.0,
    "pct1ResTime" : 7516.3,
    "pct2ResTime" : 7592.0,
    "pct3ResTime" : 7719.200000000001,
    "throughput" : 26.0990480265269,
    "receivedKBytesPerSec" : 35.99639249518665,
    "sentKBytesPerSec" : 17.84663007072949
  },
  "EVENT-0" : {
    "transaction" : "EVENT-0",
    "sampleCount" : 1,
    "errorCount" : 0,
    "errorPct" : 0.0,
    "meanResTime" : 1384.0,
    "medianResTime" : 1384.0,
    "minResTime" : 1384.0,
    "maxResTime" : 1384.0,
    "pct1ResTime" : 1384.0,
    "pct2ResTime" : 1384.0,
    "pct3ResTime" : 1384.0,
    "throughput" : 0.722543352601156,
    "receivedKBytesPerSec" : 0.5179168171965318,
    "sentKBytesPerSec" : 0.22508918894508673
  },
  "-0" : {
    "transaction" : "-0",
    "sampleCount" : 1,
    "errorCount" : 0,
    "errorPct" : 0.0,
    "meanResTime" : 1843.0,
    "medianResTime" : 1843.0,
    "minResTime" : 1843.0,
    "maxResTime" : 1843.0,
    "pct1ResTime" : 1843.0,
    "pct2ResTime" : 1843.0,
    "pct3ResTime" : 1843.0,
    "throughput" : 0.5425935973955507,
    "receivedKBytesPerSec" : 0.5727965613130765,
    "sentKBytesPerSec" : 0.35289778893109064
  },
  "-1" : {
    "transaction" : "-1",
    "sampleCount" : 1,
    "errorCount" : 1,
    "errorPct" : 100.0,
    "meanResTime" : 16.0,
    "medianResTime" : 16.0,
    "minResTime" : 16.0,
    "maxResTime" : 16.0,
    "pct1ResTime" : 16.0,
    "pct2ResTime" : 16.0,
    "pct3ResTime" : 16.0,
    "throughput" : 62.5,
    "receivedKBytesPerSec" : 158.50830078125,
    "sentKBytesPerSec" : 0.0
  },
  "Tracker PV" : {
    "transaction" : "Tracker PV",
    "sampleCount" : 500,
    "errorCount" : 45,
    "errorPct" : 9.0,
    "meanResTime" : 6679.4540000000015,
    "medianResTime" : 7646.0,
    "minResTime" : 361.0,
    "maxResTime" : 13172.0,
    "pct1ResTime" : 9568.6,
    "pct2ResTime" : 9822.5,
    "pct3ResTime" : 10670.83,
    "throughput" : 25.55322737261716,
    "receivedKBytesPerSec" : 62.087954208616544,
    "sentKBytesPerSec" : 33.27474390874942
  },
  "EVENT" : {
    "transaction" : "EVENT",
    "sampleCount" : 5000,
    "errorCount" : 1400,
    "errorPct" : 28.0,
    "meanResTime" : 1708.6600000000064,
    "medianResTime" : 2252.0,
    "minResTime" : 0.0,
    "maxResTime" : 10186.0,
    "pct1ResTime" : 2692.9000000000005,
    "pct2ResTime" : 2922.8999999999996,
    "pct3ResTime" : 3736.0,
    "throughput" : 35.30250718406022,
    "receivedKBytesPerSec" : 36.608010447777,
    "sentKBytesPerSec" : 15.691019825446752
  },
  "CM request-0" : {
    "transaction" : "CM request-0",
    "sampleCount" : 10,
    "errorCount" : 0,
    "errorPct" : 0.0,
    "meanResTime" : 1032.3,
    "medianResTime" : 963.0,
    "minResTime" : 715.0,
    "maxResTime" : 1811.0,
    "pct1ResTime" : 1756.1000000000001,
    "pct2ResTime" : 1811.0,
    "pct3ResTime" : 1811.0,
    "throughput" : 4.997501249375313,
    "receivedKBytesPerSec" : 3.1331990254872566,
    "sentKBytesPerSec" : 1.1078445152423788
  },
  "CM request-1" : {
    "transaction" : "CM request-1",
    "sampleCount" : 10,
    "errorCount" : 6,
    "errorPct" : 60.0,
    "meanResTime" : 2305.5,
    "medianResTime" : 37.5,
    "minResTime" : 3.0,
    "maxResTime" : 5815.0,
    "pct1ResTime" : 5811.1,
    "pct2ResTime" : 5815.0,
    "pct3ResTime" : 5815.0,
    "throughput" : 1.470155836518671,
    "receivedKBytesPerSec" : 2.9773527087621288,
    "sentKBytesPerSec" : 0.17917524257571305
  },
  "Total" : {
    "transaction" : "Total",
    "sampleCount" : 21000,
    "errorCount" : 5478,
    "errorPct" : 26.085714,
    "meanResTime" : 3308.5007619047665,
    "medianResTime" : 3340.0,
    "minResTime" : 0.0,
    "maxResTime" : 15142.0,
    "pct1ResTime" : 6392.9000000000015,
    "pct2ResTime" : 6851.850000000002,
    "pct3ResTime" : 8853.930000000011,
    "throughput" : 143.9095425732397,
    "receivedKBytesPerSec" : 190.11827833219118,
    "sentKBytesPerSec" : 68.43298944235052
  },
  "ADAGIO adv" : {
    "transaction" : "ADAGIO adv",
    "sampleCount" : 5000,
    "errorCount" : 1302,
    "errorPct" : 26.04,
    "meanResTime" : 3673.7057999999993,
    "medianResTime" : 4862.5,
    "minResTime" : 0.0,
    "maxResTime" : 15142.0,
    "pct1ResTime" : 5984.900000000001,
    "pct2ResTime" : 6261.749999999999,
    "pct3ResTime" : 7208.98,
    "throughput" : 35.55504988373499,
    "receivedKBytesPerSec" : 39.609846382184784,
    "sentKBytesPerSec" : 13.000134553641903
  },
  "CM request" : {
    "transaction" : "CM request",
    "sampleCount" : 5000,
    "errorCount" : 1378,
    "errorPct" : 27.56,
    "meanResTime" : 3471.499000000007,
    "medianResTime" : 3838.0,
    "minResTime" : 0.0,
    "maxResTime" : 13220.0,
    "pct1ResTime" : 5895.900000000001,
    "pct2ResTime" : 6063.9,
    "pct3ResTime" : 6904.779999999995,
    "throughput" : 34.84393401952654,
    "receivedKBytesPerSec" : 58.58805383344251,
    "sentKBytesPerSec" : 12.302562836679511
  }
}