{
  "" : {
    "transaction" : "",
    "sampleCount" : 4500,
    "errorCount" : 389,
    "errorPct" : 8.644444,
    "meanResTime" : 1421.083333333334,
    "medianResTime" : 1503.0,
    "minResTime" : 20.0,
    "maxResTime" : 4911.0,
    "pct1ResTime" : 1856.0,
    "pct2ResTime" : 1927.9499999999998,
    "pct3ResTime" : 2600.6499999999924,
    "throughput" : 73.91832846019909,
    "receivedKBytesPerSec" : 58.1593675311689,
    "sentKBytesPerSec" : 60.75202723582411
  },
  "Tracker PV-0" : {
    "transaction" : "Tracker PV-0",
    "sampleCount" : 498,
    "errorCount" : 0,
    "errorPct" : 0.0,
    "meanResTime" : 1116.9397590361446,
    "medianResTime" : 994.0,
    "minResTime" : 305.0,
    "maxResTime" : 8630.0,
    "pct1ResTime" : 1751.3000000000002,
    "pct2ResTime" : 1956.2999999999988,
    "pct3ResTime" : 2642.0999999999963,
    "throughput" : 30.542778288868448,
    "receivedKBytesPerSec" : 32.242913408463664,
    "sentKBytesPerSec" : 19.86473666053358
  },
  "Tracker PV-1" : {
    "transaction" : "Tracker PV-1",
    "sampleCount" : 498,
    "errorCount" : 10,
    "errorPct" : 2.008032,
    "meanResTime" : 1421.4919678714862,
    "medianResTime" : 1581.0,
    "minResTime" : 23.0,
    "maxResTime" : 2374.0,
    "pct1ResTime" : 2089.2,
    "pct2ResTime" : 2103.2,
    "pct3ResTime" : 2130.5999999999995,
    "throughput" : 28.30671289717501,
    "receivedKBytesPerSec" : 28.220563576422443,
    "sentKBytesPerSec" : 20.343229551526175
  },
  "Total" : {
    "transaction" : "Total",
    "sampleCount" : 21000,
    "errorCount" : 1480,
    "errorPct" : 7.047619,
    "meanResTime" : 1353.9962857142793,
    "medianResTime" : 1433.0,
    "minResTime" : 13.0,
    "maxResTime" : 10702.0,
    "pct1ResTime" : 1932.0,
    "pct2ResTime" : 2084.0,
    "pct3ResTime" : 3185.8900000000176,
    "throughput" : 333.63519374672325,
    "receivedKBytesPerSec" : 289.57268071409845,
    "sentKBytesPerSec" : 189.27958939536566
  },
  "ADAGIO adv" : {
    "transaction" : "ADAGIO adv",
    "sampleCount" : 5000,
    "errorCount" : 376,
    "errorPct" : 7.52,
    "meanResTime" : 1556.4258000000023,
    "medianResTime" : 1679.0,
    "minResTime" : 19.0,
    "maxResTime" : 4895.0,
    "pct1ResTime" : 2058.0,
    "pct2ResTime" : 2119.0,
    "pct3ResTime" : 2593.9699999999993,
    "throughput" : 80.9808399332718,
    "receivedKBytesPerSec" : 66.18874052524173,
    "sentKBytesPerSec" : 33.8560646551026
  },
  "Tracker PV" : {
    "transaction" : "Tracker PV",
    "sampleCount" : 500,
    "errorCount" : 12,
    "errorPct" : 2.4,
    "meanResTime" : 2533.8979999999965,
    "medianResTime" : 2558.5,
    "minResTime" : 455.0,
    "maxResTime" : 10702.0,
    "pct1ResTime" : 3715.2000000000003,
    "pct2ResTime" : 3959.95,
    "pct3ResTime" : 4668.89,
    "throughput" : 27.14735584754045,
    "receivedKBytesPerSec" : 55.72312920784016,
    "sentKBytesPerSec" : 37.01775267401455
  },
  "CM request" : {
    "transaction" : "CM request",
    "sampleCount" : 5000,
    "errorCount" : 334,
    "errorPct" : 6.68,
    "meanResTime" : 1319.3715999999997,
    "medianResTime" : 1396.5,
    "minResTime" : 13.0,
    "maxResTime" : 5126.0,
    "pct1ResTime" : 1736.0,
    "pct2ResTime" : 1797.0,
    "pct3ResTime" : 2504.99,
    "throughput" : 81.11352649167775,
    "receivedKBytesPerSec" : 81.36187329661594,
    "sentKBytesPerSec" : 34.955874241588525
  },
  "EVENT" : {
    "transaction" : "EVENT",
    "sampleCount" : 5000,
    "errorCount" : 359,
    "errorPct" : 7.18,
    "meanResTime" : 1024.5995999999998,
    "medianResTime" : 1110.0,
    "minResTime" : 19.0,
    "maxResTime" : 4666.0,
    "pct1ResTime" : 1383.0,
    "pct2ResTime" : 1442.8999999999996,
    "pct3ResTime" : 1817.9199999999983,
    "throughput" : 80.87343307723413,
    "receivedKBytesPerSec" : 57.140334361099875,
    "sentKBytesPerSec" : 42.144757126971285
  },
  "CM request-0" : {
    "transaction" : "CM request-0",
    "sampleCount" : 2,
    "errorCount" : 0,
    "errorPct" : 0.0,
    "meanResTime" : 1283.5,
    "medianResTime" : 1283.5,
    "minResTime" : 1264.0,
    "maxResTime" : 1303.0,
    "pct1ResTime" : 1303.0,
    "pct2ResTime" : 1303.0,
    "pct3ResTime" : 1303.0,
    "throughput" : 1.2492192379762648,
    "receivedKBytesPerSec" : 0.783201905059338,
    "sentKBytesPerSec" : 0.2769265302935665
  },
  "CM request-1" : {
    "transaction" : "CM request-1",
    "sampleCount" : 2,
    "errorCount" : 0,
    "errorPct" : 0.0,
    "meanResTime" : 1703.5,
    "medianResTime" : 1703.5,
    "minResTime" : 1688.0,
    "maxResTime" : 1719.0,
    "pct1ResTime" : 1719.0,
    "pct2ResTime" : 1719.0,
    "pct3ResTime" : 1719.0,
    "throughput" : 0.992063492063492,
    "receivedKBytesPerSec" : 0.7333906870039683,
    "sentKBytesPerSec" : 0.30226934523809523
  }
}