{
  "" : {
    "transaction" : "",
    "sampleCount" : 4500,
    "errorCount" : 161,
    "errorPct" : 3.5777779,
    "meanResTime" : 6645.984666666671,
    "medianResTime" : 4376.0,
    "minResTime" : 0.0,
    "maxResTime" : 67622.0,
    "pct1ResTime" : 12619.500000000002,
    "pct2ResTime" : 21025.95,
    "pct3ResTime" : 32283.419999999856,
    "throughput" : 14.646387387182132,
    "receivedKBytesPerSec" : 18.204690332652007,
    "sentKBytesPerSec" : 12.879161531955162
  },
  "EVENT-2" : {
    "transaction" : "EVENT-2",
    "sampleCount" : 1,
    "errorCount" : 0,
    "errorPct" : 0.0,
    "meanResTime" : 27989.0,
    "medianResTime" : 27989.0,
    "minResTime" : 27989.0,
    "maxResTime" : 27989.0,
    "pct1ResTime" : 27989.0,
    "pct2ResTime" : 27989.0,
    "pct3ResTime" : 27989.0,
    "throughput" : 0.03572832184072314,
    "receivedKBytesPerSec" : 0.08202859828861338,
    "sentKBytesPerSec" : 0.007501551948979956
  },
  "Tracker PV-0" : {
    "transaction" : "Tracker PV-0",
    "sampleCount" : 487,
    "errorCount" : 0,
    "errorPct" : 0.0,
    "meanResTime" : 14278.16427104722,
    "medianResTime" : 11624.0,
    "minResTime" : 1144.0,
    "maxResTime" : 66228.0,
    "pct1ResTime" : 28048.8,
    "pct2ResTime" : 37419.5999999999,
    "pct3ResTime" : 61838.6,
    "throughput" : 6.559452615699586,
    "receivedKBytesPerSec" : 6.924578396065676,
    "sentKBytesPerSec" : 4.266206486382738
  },
  "EVENT-1" : {
    "transaction" : "EVENT-1",
    "sampleCount" : 1,
    "errorCount" : 0,
    "errorPct" : 0.0,
    "meanResTime" : 4550.0,
    "medianResTime" : 4550.0,
    "minResTime" : 4550.0,
    "maxResTime" : 4550.0,
    "pct1ResTime" : 4550.0,
    "pct2ResTime" : 4550.0,
    "pct3ResTime" : 4550.0,
    "throughput" : 0.21978021978021978,
    "receivedKBytesPerSec" : 0.18222012362637363,
    "sentKBytesPerSec" : 0.08671016483516483
  },
  "Tracker PV-1" : {
    "transaction" : "Tracker PV-1",
    "sampleCount" : 487,
    "errorCount" : 7,
    "errorPct" : 1.4373716,
    "meanResTime" : 7144.476386036961,
    "medianResTime" : 4589.0,
    "minResTime" : 2594.0,
    "maxResTime" : 65018.0,
    "pct1ResTime" : 10450.4,
    "pct2ResTime" : 17889.59999999998,
    "pct3ResTime" : 64989.72,
    "throughput" : 4.623388459566712,
    "receivedKBytesPerSec" : 6.064312760480946,
    "sentKBytesPerSec" : 3.3420476769134373
  },
  "EVENT-0" : {
    "transaction" : "EVENT-0",
    "sampleCount" : 1,
    "errorCount" : 0,
    "errorPct" : 0.0,
    "meanResTime" : 30363.0,
    "medianResTime" : 30363.0,
    "minResTime" : 30363.0,
    "maxResTime" : 30363.0,
    "pct1ResTime" : 30363.0,
    "pct2ResTime" : 30363.0,
    "pct3ResTime" : 30363.0,
    "throughput" : 0.03293482198728716,
    "receivedKBytesPerSec" : 0.023607577479168727,
    "sentKBytesPerSec" : 0.010259968958930277
  },
  "Tracker PV" : {
    "transaction" : "Tracker PV",
    "sampleCount" : 500,
    "errorCount" : 20,
    "errorPct" : 4.0,
    "meanResTime" : 22619.10599999999,
    "medianResTime" : 18493.5,
    "minResTime" : 7642.0,
    "maxResTime" : 98681.0,
    "pct1ResTime" : 43875.10000000002,
    "pct2ResTime" : 66374.24999999999,
    "pct3ResTime" : 85923.78000000001,
    "throughput" : 4.662569821983084,
    "receivedKBytesPerSec" : 11.047057641602246,
    "sentKBytesPerSec" : 6.236387481699413
  },
  "EVENT" : {
    "transaction" : "EVENT",
    "sampleCount" : 5000,
    "errorCount" : 164,
    "errorPct" : 3.28,
    "meanResTime" : 7060.2390000000005,
    "medianResTime" : 4372.0,
    "minResTime" : 0.0,
    "maxResTime" : 67021.0,
    "pct1ResTime" : 13574.400000000014,
    "pct2ResTime" : 20681.299999999996,
    "pct3ResTime" : 40298.67999999999,
    "throughput" : 15.77754917862079,
    "receivedKBytesPerSec" : 10.344319002519674,
    "sentKBytesPerSec" : 10.117433531157504
  },
  "CM request-0" : {
    "transaction" : "CM request-0",
    "sampleCount" : 12,
    "errorCount" : 0,
    "errorPct" : 0.0,
    "meanResTime" : 31131.916666666664,
    "medianResTime" : 27086.0,
    "minResTime" : 16402.0,
    "maxResTime" : 56661.0,
    "pct1ResTime" : 55977.9,
    "pct2ResTime" : 56661.0,
    "pct3ResTime" : 56661.0,
    "throughput" : 0.1897023254343393,
    "receivedKBytesPerSec" : 0.118934465750826,
    "sentKBytesPerSec" : 0.04205315222030764
  },
  "CM request-1" : {
    "transaction" : "CM request-1",
    "sampleCount" : 12,
    "errorCount" : 0,
    "errorPct" : 0.0,
    "meanResTime" : 6936.666666666666,
    "medianResTime" : 4380.0,
    "minResTime" : 3346.0,
    "maxResTime" : 31354.0,
    "pct1ResTime" : 24924.400000000023,
    "pct2ResTime" : 31354.0,
    "pct3ResTime" : 31354.0,
    "throughput" : 0.2669870511280203,
    "receivedKBytesPerSec" : 0.33608037978908023,
    "sentKBytesPerSec" : 0.08134761714056869
  },
  "Total" : {
    "transaction" : "Total",
    "sampleCount" : 21001,
    "errorCount" : 642,
    "errorPct" : 3.0569973,
    "meanResTime" : 7310.774439312401,
    "medianResTime" : 4357.0,
    "minResTime" : 0.0,
    "maxResTime" : 98681.0,
    "pct1ResTime" : 16375.300000000025,
    "pct2ResTime" : 21666.650000000005,
    "pct3ResTime" : 44365.09000000014,
    "throughput" : 63.79230215455835,
    "receivedKBytesPerSec" : 72.52212286685662,
    "sentKBytesPerSec" : 39.80046383433472
  },
  "ADAGIO adv" : {
    "transaction" : "ADAGIO adv",
    "sampleCount" : 5000,
    "errorCount" : 147,
    "errorPct" : 2.94,
    "meanResTime" : 6626.458399999994,
    "medianResTime" : 4333.0,
    "minResTime" : 0.0,
    "maxResTime" : 69021.0,
    "pct1ResTime" : 13279.900000000001,
    "pct2ResTime" : 20983.9,
    "pct3ResTime" : 35785.60999999993,
    "throughput" : 15.975155438262414,
    "receivedKBytesPerSec" : 12.264388922347965,
    "sentKBytesPerSec" : 6.936799389589311
  },
  "CM request" : {
    "transaction" : "CM request",
    "sampleCount" : 5000,
    "errorCount" : 143,
    "errorPct" : 2.86,
    "meanResTime" : 6586.2104000000145,
    "medianResTime" : 4272.0,
    "minResTime" : 0.0,
    "maxResTime" : 70152.0,
    "pct1ResTime" : 12699.800000000001,
    "pct2ResTime" : 21027.95,
    "pct3ResTime" : 35357.249999999985,
    "throughput" : 15.651558738734792,
    "receivedKBytesPerSec" : 27.549567997414364,
    "sentKBytesPerSec" : 7.586206584532504
  }
}