{
  "" : {
    "transaction" : "",
    "sampleCount" : 4500,
    "errorCount" : 1312,
    "errorPct" : 29.155556,
    "meanResTime" : 4506.132666666673,
    "medianResTime" : 5480.0,
    "minResTime" : 0.0,
    "maxResTime" : 23555.0,
    "pct1ResTime" : 7667.400000000001,
    "pct2ResTime" : 8261.599999999999,
    "pct3ResTime" : 9246.929999999998,
    "throughput" : 26.250087500291666,
    "receivedKBytesPerSec" : 36.40803395776944,
    "sentKBytesPerSec" : 16.675322511491704
  },
  "EVENT-2" : {
    "transaction" : "EVENT-2",
    "sampleCount" : 2,
    "errorCount" : 0,
    "errorPct" : 0.0,
    "meanResTime" : 703.5,
    "medianResTime" : 703.5,
    "minResTime" : 674.0,
    "maxResTime" : 733.0,
    "pct1ResTime" : 733.0,
    "pct2ResTime" : 733.0,
    "pct3ResTime" : 733.0,
    "throughput" : 1.8975332068311195,
    "receivedKBytesPerSec" : 4.1341763519924095,
    "sentKBytesPerSec" : 0.39840785104364324
  },
  "Tracker PV-0" : {
    "transaction" : "Tracker PV-0",
    "sampleCount" : 477,
    "errorCount" : 0,
    "errorPct" : 0.0,
    "meanResTime" : 1857.073375262055,
    "medianResTime" : 1872.0,
    "minResTime" : 449.0,
    "maxResTime" : 6554.0,
    "pct1ResTime" : 2618.6,
    "pct2ResTime" : 2960.2,
    "pct3ResTime" : 3963.9999999999436,
    "throughput" : 38.08383233532934,
    "receivedKBytesPerSec" : 40.20373315868263,
    "sentKBytesPerSec" : 24.76936751497006
  },
  "EVENT-1" : {
    "transaction" : "EVENT-1",
    "sampleCount" : 7,
    "errorCount" : 5,
    "errorPct" : 71.42857,
    "meanResTime" : 5989.0,
    "medianResTime" : 44.0,
    "minResTime" : 0.0,
    "maxResTime" : 21058.0,
    "pct1ResTime" : 21058.0,
    "pct2ResTime" : 21058.0,
    "pct3ResTime" : 21058.0,
    "throughput" : 0.33241523411530055,
    "receivedKBytesPerSec" : 0.6809225561544306,
    "sentKBytesPerSec" : 0.03747091366701491
  },
  "Tracker PV-1" : {
    "transaction" : "Tracker PV-1",
    "sampleCount" : 477,
    "errorCount" : 17,
    "errorPct" : 3.5639412,
    "meanResTime" : 26745.95597484278,
    "medianResTime" : 27451.0,
    "minResTime" : 1.0,
    "maxResTime" : 32419.0,
    "pct1ResTime" : 31044.6,
    "pct2ResTime" : 31377.7,
    "pct3ResTime" : 31838.879999999997,
    "throughput" : 14.65662928253188,
    "receivedKBytesPerSec" : 19.609356996082347,
    "sentKBytesPerSec" : 10.366055653710246
  },
  "EVENT-0" : {
    "transaction" : "EVENT-0",
    "sampleCount" : 7,
    "errorCount" : 0,
    "errorPct" : 0.0,
    "meanResTime" : 1533.5714285714287,
    "medianResTime" : 1513.0,
    "minResTime" : 1305.0,
    "maxResTime" : 1714.0,
    "pct1ResTime" : 1714.0,
    "pct2ResTime" : 1714.0,
    "pct3ResTime" : 1714.0,
    "throughput" : 3.396409509946628,
    "receivedKBytesPerSec" : 2.434535722950024,
    "sentKBytesPerSec" : 1.058061165696264
  },
  "-0" : {
    "transaction" : "-0",
    "sampleCount" : 1,
    "errorCount" : 0,
    "errorPct" : 0.0,
    "meanResTime" : 1965.0,
    "medianResTime" : 1965.0,
    "minResTime" : 1965.0,
    "maxResTime" : 1965.0,
    "pct1ResTime" : 1965.0,
    "pct2ResTime" : 1965.0,
    "pct3ResTime" : 1965.0,
    "throughput" : 0.5089058524173028,
    "receivedKBytesPerSec" : 0.5372336195928753,
    "sentKBytesPerSec" : 0.3309875954198473
  },
  "-1" : {
    "transaction" : "-1",
    "sampleCount" : 1,
    "errorCount" : 0,
    "errorPct" : 0.0,
    "meanResTime" : 21589.0,
    "medianResTime" : 21589.0,
    "minResTime" : 21589.0,
    "maxResTime" : 21589.0,
    "pct1ResTime" : 21589.0,
    "pct2ResTime" : 21589.0,
    "pct3ResTime" : 21589.0,
    "throughput" : 0.04631988512668488,
    "receivedKBytesPerSec" : 0.05984492970957432,
    "sentKBytesPerSec" : 0.03397093137709019
  },
  "Tracker PV" : {
    "transaction" : "Tracker PV",
    "sampleCount" : 500,
    "errorCount" : 40,
    "errorPct" : 8.0,
    "meanResTime" : 27318.681999999993,
    "medianResTime" : 29214.0,
    "minResTime" : 121.0,
    "maxResTime" : 34486.0,
    "pct1ResTime" : 33213.8,
    "pct2ResTime" : 33739.35,
    "pct3ResTime" : 34342.85,
    "throughput" : 14.422522210684205,
    "receivedKBytesPerSec" : 34.38664505992558,
    "sentKBytesPerSec" : 18.680039499682707
  },
  "EVENT" : {
    "transaction" : "EVENT",
    "sampleCount" : 5000,
    "errorCount" : 1406,
    "errorPct" : 28.12,
    "meanResTime" : 2019.9809999999975,
    "medianResTime" : 2361.5,
    "minResTime" : 0.0,
    "maxResTime" : 23505.0,
    "pct1ResTime" : 3526.0,
    "pct2ResTime" : 4039.0,
    "pct3ResTime" : 5869.98,
    "throughput" : 29.040220705677363,
    "receivedKBytesPerSec" : 30.28914304123711,
    "sentKBytesPerSec" : 12.962493874328445
  },
  "CM request-0" : {
    "transaction" : "CM request-0",
    "sampleCount" : 12,
    "errorCount" : 0,
    "errorPct" : 0.0,
    "meanResTime" : 1221.416666666667,
    "medianResTime" : 1170.0,
    "minResTime" : 876.0,
    "maxResTime" : 1829.0,
    "pct1ResTime" : 1818.2,
    "pct2ResTime" : 1829.0,
    "pct3ResTime" : 1829.0,
    "throughput" : 6.237006237006238,
    "receivedKBytesPerSec" : 3.910310550935551,
    "sentKBytesPerSec" : 1.3826175935550935
  },
  "CM request-1" : {
    "transaction" : "CM request-1",
    "sampleCount" : 12,
    "errorCount" : 9,
    "errorPct" : 75.0,
    "meanResTime" : 836.5000000000001,
    "medianResTime" : 39.0,
    "minResTime" : 2.0,
    "maxResTime" : 3298.0,
    "pct1ResTime" : 3285.1,
    "pct2ResTime" : 3298.0,
    "pct3ResTime" : 3298.0,
    "throughput" : 3.628666465074085,
    "receivedKBytesPerSec" : 8.501143407922589,
    "sentKBytesPerSec" : 0.2764023283943151
  },
  "Total" : {
    "transaction" : "Total",
    "sampleCount" : 20996,
    "errorCount" : 5501,
    "errorPct" : 26.200228,
    "meanResTime" : 4611.820918270164,
    "medianResTime" : 3717.5,
    "minResTime" : 0.0,
    "maxResTime" : 34486.0,
    "pct1ResTime" : 6995.0,
    "pct2ResTime" : 7883.850000000002,
    "pct3ResTime" : 29364.730000000043,
    "throughput" : 115.13300395365287,
    "receivedKBytesPerSec" : 153.67576983303906,
    "sentKBytesPerSec" : 54.6787391425344
  },
  "ADAGIO adv" : {
    "transaction" : "ADAGIO adv",
    "sampleCount" : 5000,
    "errorCount" : 1356,
    "errorPct" : 27.12,
    "meanResTime" : 3949.0646000000074,
    "medianResTime" : 5019.5,
    "minResTime" : 0.0,
    "maxResTime" : 20522.0,
    "pct1ResTime" : 6675.900000000001,
    "pct2ResTime" : 7114.799999999999,
    "pct3ResTime" : 8498.909999999998,
    "throughput" : 29.046462721769743,
    "receivedKBytesPerSec" : 32.8913407229955,
    "sentKBytesPerSec" : 10.448506203961356
  },
  "CM request" : {
    "transaction" : "CM request",
    "sampleCount" : 5000,
    "errorCount" : 1356,
    "errorPct" : 27.12,
    "meanResTime" : 3860.333400000003,
    "medianResTime" : 4504.5,
    "minResTime" : 0.0,
    "maxResTime" : 15142.0,
    "pct1ResTime" : 6603.0,
    "pct2ResTime" : 6884.549999999998,
    "pct3ResTime" : 7861.969999999999,
    "throughput" : 29.03533018977492,
    "receivedKBytesPerSec" : 49.423836971702165,
    "sentKBytesPerSec" : 10.3296816566398
  }
}