{
  "" : {
    "transaction" : "",
    "sampleCount" : 4500,
    "errorCount" : 7,
    "errorPct" : 0.15555556,
    "meanResTime" : 6978.803333333345,
    "medianResTime" : 4374.0,
    "minResTime" : 233.0,
    "maxResTime" : 69771.0,
    "pct1ResTime" : 12810.8,
    "pct2ResTime" : 19691.149999999994,
    "pct3ResTime" : 36546.87999999978,
    "throughput" : 14.479975802351548,
    "receivedKBytesPerSec" : 17.597771008836002,
    "sentKBytesPerSec" : 13.174311230789899
  },
  "Tracker PV-0" : {
    "transaction" : "Tracker PV-0",
    "sampleCount" : 485,
    "errorCount" : 0,
    "errorPct" : 0.0,
    "meanResTime" : 21663.8886597938,
    "medianResTime" : 20586.0,
    "minResTime" : 1619.0,
    "maxResTime" : 75760.0,
    "pct1ResTime" : 36725.40000000001,
    "pct2ResTime" : 47856.4,
    "pct3ResTime" : 65794.37999999998,
    "throughput" : 5.678624953165979,
    "receivedKBytesPerSec" : 5.99472028747307,
    "sentKBytesPerSec" : 3.6933244324302175
  },
  "Tracker PV-1" : {
    "transaction" : "Tracker PV-1",
    "sampleCount" : 485,
    "errorCount" : 4,
    "errorPct" : 0.82474226,
    "meanResTime" : 8136.002061855666,
    "medianResTime" : 5326.0,
    "minResTime" : 3755.0,
    "maxResTime" : 65010.0,
    "pct1ResTime" : 13039.2,
    "pct2ResTime" : 19691.3,
    "pct3ResTime" : 60339.599999999984,
    "throughput" : 3.9817087687899715,
    "receivedKBytesPerSec" : 5.192328142573908,
    "sentKBytesPerSec" : 2.8960950391808353
  },
  "Total" : {
    "transaction" : "Total",
    "sampleCount" : 21000,
    "errorCount" : 63,
    "errorPct" : 0.3,
    "meanResTime" : 7946.574571428502,
    "medianResTime" : 4372.0,
    "minResTime" : 137.0,
    "maxResTime" : 114990.0,
    "pct1ResTime" : 15817.600000000006,
    "pct2ResTime" : 25350.30000000001,
    "pct3ResTime" : 47547.39000000058,
    "throughput" : 62.53573470554602,
    "receivedKBytesPerSec" : 69.20785905748225,
    "sentKBytesPerSec" : 40.110994298639405
  },
  "ADAGIO adv" : {
    "transaction" : "ADAGIO adv",
    "sampleCount" : 5000,
    "errorCount" : 12,
    "errorPct" : 0.24,
    "meanResTime" : 6765.587000000007,
    "medianResTime" : 4342.5,
    "minResTime" : 218.0,
    "maxResTime" : 70507.0,
    "pct1ResTime" : 12794.800000000001,
    "pct2ResTime" : 18802.69999999999,
    "pct3ResTime" : 36850.519999999924,
    "throughput" : 15.773716571551157,
    "receivedKBytesPerSec" : 11.352140483480186,
    "sentKBytesPerSec" : 6.984934424716783
  },
  "Tracker PV" : {
    "transaction" : "Tracker PV",
    "sampleCount" : 500,
    "errorCount" : 19,
    "errorPct" : 3.8,
    "meanResTime" : 30767.29400000001,
    "medianResTime" : 27178.5,
    "minResTime" : 7471.0,
    "maxResTime" : 114990.0,
    "pct1ResTime" : 51797.90000000008,
    "pct2ResTime" : 69665.9,
    "pct3ResTime" : 99419.08000000003,
    "throughput" : 4.034926322245355,
    "receivedKBytesPerSec" : 9.54424782164415,
    "sentKBytesPerSec" : 5.392308636053681
  },
  "CM request" : {
    "transaction" : "CM request",
    "sampleCount" : 5000,
    "errorCount" : 10,
    "errorPct" : 0.2,
    "meanResTime" : 7006.415599999994,
    "medianResTime" : 4291.0,
    "minResTime" : 137.0,
    "maxResTime" : 74485.0,
    "pct1ResTime" : 13142.400000000003,
    "pct2ResTime" : 20538.899999999972,
    "pct3ResTime" : 39264.06999999991,
    "throughput" : 15.325435625507655,
    "receivedKBytesPerSec" : 26.994479730195707,
    "sentKBytesPerSec" : 7.637373972237974
  },
  "EVENT" : {
    "transaction" : "EVENT",
    "sampleCount" : 5000,
    "errorCount" : 11,
    "errorPct" : 0.22,
    "meanResTime" : 7254.836400000011,
    "medianResTime" : 4399.0,
    "minResTime" : 229.0,
    "maxResTime" : 82873.0,
    "pct1ResTime" : 13264.900000000005,
    "pct2ResTime" : 19326.499999999993,
    "pct3ResTime" : 38789.449999999924,
    "throughput" : 15.532436386906777,
    "receivedKBytesPerSec" : 9.352559269835698,
    "sentKBytesPerSec" : 10.329749741384935
  },
  "CM request-0" : {
    "transaction" : "CM request-0",
    "sampleCount" : 15,
    "errorCount" : 0,
    "errorPct" : 0.0,
    "meanResTime" : 27975.4,
    "medianResTime" : 26760.0,
    "minResTime" : 18934.0,
    "maxResTime" : 43828.0,
    "pct1ResTime" : 37998.4,
    "pct2ResTime" : 43828.0,
    "pct3ResTime" : 43828.0,
    "throughput" : 0.17160311631259223,
    "receivedKBytesPerSec" : 0.10758711003191818,
    "sentKBytesPerSec" : 0.0380409251982016
  },
  "CM request-1" : {
    "transaction" : "CM request-1",
    "sampleCount" : 15,
    "errorCount" : 0,
    "errorPct" : 0.0,
    "meanResTime" : 5535.4,
    "medianResTime" : 5338.0,
    "minResTime" : 3938.0,
    "maxResTime" : 10076.0,
    "pct1ResTime" : 7754.600000000001,
    "pct2ResTime" : 10076.0,
    "pct3ResTime" : 10076.0,
    "throughput" : 0.21740390747289698,
    "receivedKBytesPerSec" : 0.27366566087164473,
    "sentKBytesPerSec" : 0.0662402530581483
  }
}