{
  "" : {
    "transaction" : "",
    "sampleCount" : 4500,
    "errorCount" : 1154,
    "errorPct" : 25.644444,
    "meanResTime" : 3579.49555555555,
    "medianResTime" : 4504.0,
    "minResTime" : 0.0,
    "maxResTime" : 12621.0,
    "pct1ResTime" : 5289.9,
    "pct2ResTime" : 5760.9,
    "pct3ResTime" : 6450.939999999999,
    "throughput" : 33.27639372629057,
    "receivedKBytesPerSec" : 44.318653706435654,
    "sentKBytesPerSec" : 22.318595703832703
  },
  "EVENT-2" : {
    "transaction" : "EVENT-2",
    "sampleCount" : 1,
    "errorCount" : 1,
    "errorPct" : 100.0,
    "meanResTime" : 20731.0,
    "medianResTime" : 20731.0,
    "minResTime" : 20731.0,
    "maxResTime" : 20731.0,
    "pct1ResTime" : 20731.0,
    "pct2ResTime" : 20731.0,
    "pct3ResTime" : 20731.0,
    "throughput" : 0.04823693984853601,
    "receivedKBytesPerSec" : 0.1638360124933674,
    "sentKBytesPerSec" : 0.0
  },
  "Tracker PV-0" : {
    "transaction" : "Tracker PV-0",
    "sampleCount" : 487,
    "errorCount" : 0,
    "errorPct" : 0.0,
    "meanResTime" : 1831.0164271047245,
    "medianResTime" : 1578.0,
    "minResTime" : 428.0,
    "maxResTime" : 5505.0,
    "pct1ResTime" : 3143.6,
    "pct2ResTime" : 3321.7999999999997,
    "pct3ResTime" : 4035.4800000000005,
    "throughput" : 37.13022262885026,
    "receivedKBytesPerSec" : 39.197041661901494,
    "sentKBytesPerSec" : 24.149148701967064
  },
  "EVENT-1" : {
    "transaction" : "EVENT-1",
    "sampleCount" : 1,
    "errorCount" : 0,
    "errorPct" : 0.0,
    "meanResTime" : 3862.0,
    "medianResTime" : 3862.0,
    "minResTime" : 3862.0,
    "maxResTime" : 3862.0,
    "pct1ResTime" : 3862.0,
    "pct2ResTime" : 3862.0,
    "pct3ResTime" : 3862.0,
    "throughput" : 0.2589331952356292,
    "receivedKBytesPerSec" : 0.21468191675297774,
    "sentKBytesPerSec" : 0.10215723718280684
  },
  "Tracker PV-1" : {
    "transaction" : "Tracker PV-1",
    "sampleCount" : 487,
    "errorCount" : 60,
    "errorPct" : 12.320329,
    "meanResTime" : 3389.572895277207,
    "medianResTime" : 3797.0,
    "minResTime" : 13.0,
    "maxResTime" : 5581.0,
    "pct1ResTime" : 5209.0,
    "pct2ResTime" : 5348.0,
    "pct3ResTime" : 5549.96,
    "throughput" : 27.57019927536232,
    "receivedKBytesPerSec" : 39.93208512015964,
    "sentKBytesPerSec" : 17.72877789925838
  },
  "EVENT-0" : {
    "transaction" : "EVENT-0",
    "sampleCount" : 1,
    "errorCount" : 0,
    "errorPct" : 0.0,
    "meanResTime" : 2882.0,
    "medianResTime" : 2882.0,
    "minResTime" : 2882.0,
    "maxResTime" : 2882.0,
    "pct1ResTime" : 2882.0,
    "pct2ResTime" : 2882.0,
    "pct3ResTime" : 2882.0,
    "throughput" : 0.3469812630117973,
    "receivedKBytesPerSec" : 0.24871508501040943,
    "sentKBytesPerSec" : 0.10809279580152671
  },
  "Tracker PV" : {
    "transaction" : "Tracker PV",
    "sampleCount" : 500,
    "errorCount" : 73,
    "errorPct" : 14.6,
    "meanResTime" : 5099.342000000001,
    "medianResTime" : 4830.0,
    "minResTime" : 252.0,
    "maxResTime" : 10210.0,
    "pct1ResTime" : 8220.9,
    "pct2ResTime" : 8512.8,
    "pct3ResTime" : 9029.560000000001,
    "throughput" : 27.100271002710027,
    "receivedKBytesPerSec" : 67.58251820799458,
    "sentKBytesPerSec" : 34.140995511517616
  },
  "EVENT" : {
    "transaction" : "EVENT",
    "sampleCount" : 5000,
    "errorCount" : 1342,
    "errorPct" : 26.84,
    "meanResTime" : 2456.6827999999923,
    "medianResTime" : 3322.0,
    "minResTime" : 0.0,
    "maxResTime" : 27476.0,
    "pct1ResTime" : 3749.0,
    "pct2ResTime" : 4237.249999999997,
    "pct3ResTime" : 5101.969999999999,
    "throughput" : 36.046427799005116,
    "receivedKBytesPerSec" : 36.443762221991925,
    "sentKBytesPerSec" : 16.40360988077644
  },
  "CM request-0" : {
    "transaction" : "CM request-0",
    "sampleCount" : 12,
    "errorCount" : 0,
    "errorPct" : 0.0,
    "meanResTime" : 2648.333333333333,
    "medianResTime" : 2619.5,
    "minResTime" : 2497.0,
    "maxResTime" : 3020.0,
    "pct1ResTime" : 2963.9,
    "pct2ResTime" : 3020.0,
    "pct3ResTime" : 3020.0,
    "throughput" : 3.572491813039595,
    "receivedKBytesPerSec" : 2.23978490622209,
    "sentKBytesPerSec" : 0.7919488687109258
  },
  "CM request-1" : {
    "transaction" : "CM request-1",
    "sampleCount" : 12,
    "errorCount" : 5,
    "errorPct" : 41.666668,
    "meanResTime" : 2781.5,
    "medianResTime" : 4651.5,
    "minResTime" : 38.0,
    "maxResTime" : 4781.0,
    "pct1ResTime" : 4775.0,
    "pct2ResTime" : 4781.0,
    "pct3ResTime" : 4781.0,
    "throughput" : 2.3264831329972857,
    "receivedKBytesPerSec" : 4.166767642497091,
    "sentKBytesPerSec" : 0.41349602559131443
  },
  "Total" : {
    "transaction" : "Total",
    "sampleCount" : 21001,
    "errorCount" : 4925,
    "errorPct" : 23.451263,
    "meanResTime" : 3193.9458121041907,
    "medianResTime" : 3847.0,
    "minResTime" : 0.0,
    "maxResTime" : 27476.0,
    "pct1ResTime" : 5094.0,
    "pct2ResTime" : 5500.0,
    "pct3ResTime" : 7115.980000000003,
    "throughput" : 148.2775906744897,
    "receivedKBytesPerSec" : 191.48854896987282,
    "sentKBytesPerSec" : 72.93991667725741
  },
  "ADAGIO adv" : {
    "transaction" : "ADAGIO adv",
    "sampleCount" : 5000,
    "errorCount" : 1059,
    "errorPct" : 21.18,
    "meanResTime" : 3452.6909999999953,
    "medianResTime" : 4419.0,
    "minResTime" : 0.0,
    "maxResTime" : 12614.0,
    "pct1ResTime" : 5058.900000000001,
    "pct2ResTime" : 5553.0,
    "pct3ResTime" : 6266.909999999998,
    "throughput" : 36.217187228371095,
    "receivedKBytesPerSec" : 37.786487854113545,
    "sentKBytesPerSec" : 14.004068661448976
  },
  "CM request" : {
    "transaction" : "CM request",
    "sampleCount" : 5000,
    "errorCount" : 1231,
    "errorPct" : 24.62,
    "meanResTime" : 3247.3452000000093,
    "medianResTime" : 4012.0,
    "minResTime" : 0.0,
    "maxResTime" : 11687.0,
    "pct1ResTime" : 4879.0,
    "pct2ResTime" : 5249.0,
    "pct3ResTime" : 6194.98,
    "throughput" : 35.71301024963394,
    "receivedKBytesPerSec" : 59.681811029070396,
    "sentKBytesPerSec" : 13.131966827077605
  }
}