{
  "" : {
    "transaction" : "",
    "sampleCount" : 11250,
    "errorCount" : 5804,
    "errorPct" : 51.59111,
    "meanResTime" : 2260.220266666659,
    "medianResTime" : 1434.0,
    "minResTime" : 0.0,
    "maxResTime" : 28422.0,
    "pct1ResTime" : 5343.9,
    "pct2ResTime" : 9207.449999999999,
    "pct3ResTime" : 21026.0,
    "throughput" : 97.49883001403984,
    "receivedKBytesPerSec" : 143.04646638511173,
    "sentKBytesPerSec" : 39.31135899285876
  },
  "EVENT-2" : {
    "transaction" : "EVENT-2",
    "sampleCount" : 5,
    "errorCount" : 5,
    "errorPct" : 100.0,
    "meanResTime" : 19306.4,
    "medianResTime" : 20661.0,
    "minResTime" : 13842.0,
    "maxResTime" : 20717.0,
    "pct1ResTime" : 20717.0,
    "pct2ResTime" : 20717.0,
    "pct3ResTime" : 20717.0,
    "throughput" : 0.15247621371066114,
    "receivedKBytesPerSec" : 0.5177639553854598,
    "sentKBytesPerSec" : 0.0
  },
  "Tracker PV-0" : {
    "transaction" : "Tracker PV-0",
    "sampleCount" : 1000,
    "errorCount" : 0,
    "errorPct" : 0.0,
    "meanResTime" : 4884.353000000002,
    "medianResTime" : 4850.5,
    "minResTime" : 710.0,
    "maxResTime" : 13115.0,
    "pct1ResTime" : 8092.8,
    "pct2ResTime" : 8967.95,
    "pct3ResTime" : 12179.53,
    "throughput" : 46.27059041273367,
    "receivedKBytesPerSec" : 48.84619944937998,
    "sentKBytesPerSec" : 30.09395821765686
  },
  "EVENT-1" : {
    "transaction" : "EVENT-1",
    "sampleCount" : 42,
    "errorCount" : 37,
    "errorPct" : 88.09524,
    "meanResTime" : 275.7619047619048,
    "medianResTime" : 96.0,
    "minResTime" : 0.0,
    "maxResTime" : 1925.0,
    "pct1ResTime" : 1680.5,
    "pct2ResTime" : 1873.7500000000002,
    "pct3ResTime" : 1925.0,
    "throughput" : 1.7808683853459972,
    "receivedKBytesPerSec" : 4.2187135611007465,
    "sentKBytesPerSec" : 0.08364383692333786
  },
  "Tracker PV-1" : {
    "transaction" : "Tracker PV-1",
    "sampleCount" : 1000,
    "errorCount" : 186,
    "errorPct" : 18.6,
    "meanResTime" : 1838.837000000001,
    "medianResTime" : 2473.0,
    "minResTime" : 14.0,
    "maxResTime" : 3552.0,
    "pct1ResTime" : 2693.9,
    "pct2ResTime" : 2767.0,
    "pct3ResTime" : 3152.9700000000003,
    "throughput" : 45.095828635851184,
    "receivedKBytesPerSec" : 58.15406567080045,
    "sentKBytesPerSec" : 26.921593151071026
  },
  "EVENT-0" : {
    "transaction" : "EVENT-0",
    "sampleCount" : 42,
    "errorCount" : 0,
    "errorPct" : 0.0,
    "meanResTime" : 3837.6190476190477,
    "medianResTime" : 2994.5,
    "minResTime" : 1439.0,
    "maxResTime" : 9749.0,
    "pct1ResTime" : 8522.8,
    "pct2ResTime" : 9136.65,
    "pct3ResTime" : 9749.0,
    "throughput" : 1.3215027373985275,
    "receivedKBytesPerSec" : 0.9472490324712102,
    "sentKBytesPerSec" : 0.41167907542004906
  },
  "-0" : {
    "transaction" : "-0",
    "sampleCount" : 11,
    "errorCount" : 0,
    "errorPct" : 0.0,
    "meanResTime" : 3789.1818181818176,
    "medianResTime" : 2721.0,
    "minResTime" : 1941.0,
    "maxResTime" : 8977.0,
    "pct1ResTime" : 8920.2,
    "pct2ResTime" : 8977.0,
    "pct3ResTime" : 8977.0,
    "throughput" : 0.4236472174080493,
    "receivedKBytesPerSec" : 0.44722914259580204,
    "sentKBytesPerSec" : 0.27553617850953205
  },
  "-1" : {
    "transaction" : "-1",
    "sampleCount" : 11,
    "errorCount" : 11,
    "errorPct" : 100.0,
    "meanResTime" : 52.18181818181818,
    "medianResTime" : 13.0,
    "minResTime" : 0.0,
    "maxResTime" : 341.0,
    "pct1ResTime" : 289.6000000000002,
    "pct2ResTime" : 341.0,
    "pct3ResTime" : 341.0,
    "throughput" : 0.4567726932978988,
    "receivedKBytesPerSec" : 1.1584362153268,
    "sentKBytesPerSec" : 0.0
  },
  "Tracker PV" : {
    "transaction" : "Tracker PV",
    "sampleCount" : 1250,
    "errorCount" : 436,
    "errorPct" : 34.88,
    "meanResTime" : 6704.958399999989,
    "medianResTime" : 6487.5,
    "minResTime" : 962.0,
    "maxResTime" : 21035.0,
    "pct1ResTime" : 10354.0,
    "pct2ResTime" : 11228.900000000001,
    "pct3ResTime" : 14877.170000000002,
    "throughput" : 41.8942923216141,
    "receivedKBytesPerSec" : 97.3070217976003,
    "sentKBytesPerSec" : 41.80637976757047
  },
  "EVENT" : {
    "transaction" : "EVENT",
    "sampleCount" : 12500,
    "errorCount" : 6054,
    "errorPct" : 48.432,
    "meanResTime" : 2031.7966399999966,
    "medianResTime" : 1258.0,
    "minResTime" : 0.0,
    "maxResTime" : 28301.0,
    "pct1ResTime" : 4762.799999999999,
    "pct2ResTime" : 8695.899999999998,
    "pct3ResTime" : 21028.0,
    "throughput" : 107.38647102283466,
    "receivedKBytesPerSec" : 151.9943328803414,
    "sentKBytesPerSec" : 28.21314415774643
  },
  "CM request-0" : {
    "transaction" : "CM request-0",
    "sampleCount" : 178,
    "errorCount" : 0,
    "errorPct" : 0.0,
    "meanResTime" : 6643.353932584273,
    "medianResTime" : 6455.0,
    "minResTime" : 1620.0,
    "maxResTime" : 16762.0,
    "pct1ResTime" : 9190.8,
    "pct2ResTime" : 10625.949999999999,
    "pct3ResTime" : 16318.020000000004,
    "throughput" : 4.132135478329503,
    "receivedKBytesPerSec" : 2.590655251062052,
    "sentKBytesPerSec" : 0.9160105015437473
  },
  "CM request-1" : {
    "transaction" : "CM request-1",
    "sampleCount" : 178,
    "errorCount" : 122,
    "errorPct" : 68.53933,
    "meanResTime" : 723.4438202247193,
    "medianResTime" : 98.5,
    "minResTime" : 0.0,
    "maxResTime" : 2310.0,
    "pct1ResTime" : 2232.0,
    "pct2ResTime" : 2262.0,
    "pct3ResTime" : 2303.6800000000003,
    "throughput" : 4.765857184931324,
    "receivedKBytesPerSec" : 9.675993249484591,
    "sentKBytesPerSec" : 0.45683954054994785
  },
  "Total" : {
    "transaction" : "Total",
    "sampleCount" : 52467,
    "errorCount" : 24562,
    "errorPct" : 46.814186,
    "meanResTime" : 2422.235881601787,
    "medianResTime" : 1483.0,
    "minResTime" : 0.0,
    "maxResTime" : 33124.0,
    "pct1ResTime" : 4728.9000000000015,
    "pct2ResTime" : 9081.750000000004,
    "pct3ResTime" : 21030.0,
    "throughput" : 440.46609635904196,
    "receivedKBytesPerSec" : 653.3570738879631,
    "sentKBytesPerSec" : 137.30138192648823
  },
  "ADAGIO adv" : {
    "transaction" : "ADAGIO adv",
    "sampleCount" : 12500,
    "errorCount" : 5891,
    "errorPct" : 47.128,
    "meanResTime" : 2382.3106400000024,
    "medianResTime" : 1783.0,
    "minResTime" : 0.0,
    "maxResTime" : 21091.0,
    "pct1ResTime" : 5520.5999999999985,
    "pct2ResTime" : 9053.849999999888,
    "pct3ResTime" : 21027.0,
    "throughput" : 106.71447475135527,
    "receivedKBytesPerSec" : 154.78509372198744,
    "sentKBytesPerSec" : 26.790944009582958
  },
  "CM request" : {
    "transaction" : "CM request",
    "sampleCount" : 12500,
    "errorCount" : 6016,
    "errorPct" : 48.128,
    "meanResTime" : 2380.512319999997,
    "medianResTime" : 1687.5,
    "minResTime" : 0.0,
    "maxResTime" : 33124.0,
    "pct1ResTime" : 5474.799999999999,
    "pct2ResTime" : 9178.0,
    "pct3ResTime" : 21027.0,
    "throughput" : 107.25931010811739,
    "receivedKBytesPerSec" : 168.09270991987728,
    "sentKBytesPerSec" : 24.225487225416163
  }
}