{
  "" : {
    "transaction" : "",
    "sampleCount" : 4950,
    "errorCount" : 831,
    "errorPct" : 16.787878,
    "meanResTime" : 1542.5452525252524,
    "medianResTime" : 1734.0,
    "minResTime" : 6.0,
    "maxResTime" : 16921.0,
    "pct1ResTime" : 2000.0,
    "pct2ResTime" : 2359.2999999999975,
    "pct3ResTime" : 4900.98,
    "throughput" : 72.17216341527426,
    "receivedKBytesPerSec" : 65.14723816176041,
    "sentKBytesPerSec" : 53.261612815479836
  },
  "EVENT-2" : {
    "transaction" : "EVENT-2",
    "sampleCount" : 2,
    "errorCount" : 1,
    "errorPct" : 50.0,
    "meanResTime" : 10820.0,
    "medianResTime" : 10820.0,
    "minResTime" : 1012.0,
    "maxResTime" : 20628.0,
    "pct1ResTime" : 20628.0,
    "pct2ResTime" : 20628.0,
    "pct3ResTime" : 20628.0,
    "throughput" : 0.09491268033409264,
    "receivedKBytesPerSec" : 0.2645783652477221,
    "sentKBytesPerSec" : 0.009963977671791953
  },
  "Tracker PV-0" : {
    "transaction" : "Tracker PV-0",
    "sampleCount" : 519,
    "errorCount" : 0,
    "errorPct" : 0.0,
    "meanResTime" : 1328.7109826589588,
    "medianResTime" : 1053.0,
    "minResTime" : 460.0,
    "maxResTime" : 8620.0,
    "pct1ResTime" : 2195.0,
    "pct2ResTime" : 2562.0,
    "pct3ResTime" : 4934.99999999998,
    "throughput" : 28.39479155268629,
    "receivedKBytesPerSec" : 29.975361004349494,
    "sentKBytesPerSec" : 18.467706224696357
  },
  "EVENT-1" : {
    "transaction" : "EVENT-1",
    "sampleCount" : 4,
    "errorCount" : 2,
    "errorPct" : 50.0,
    "meanResTime" : 804.75,
    "medianResTime" : 796.5,
    "minResTime" : 78.0,
    "maxResTime" : 1548.0,
    "pct1ResTime" : 1548.0,
    "pct2ResTime" : 1548.0,
    "pct3ResTime" : 1548.0,
    "throughput" : 2.056555269922879,
    "receivedKBytesPerSec" : 3.4603952442159382,
    "sentKBytesPerSec" : 0.40568766066838047
  },
  "Tracker PV-1" : {
    "transaction" : "Tracker PV-1",
    "sampleCount" : 519,
    "errorCount" : 39,
    "errorPct" : 7.514451,
    "meanResTime" : 1355.4181117533712,
    "medianResTime" : 1350.0,
    "minResTime" : 25.0,
    "maxResTime" : 2863.0,
    "pct1ResTime" : 2437.0,
    "pct2ResTime" : 2556.0,
    "pct3ResTime" : 2613.5999999999995,
    "throughput" : 26.782949736814945,
    "receivedKBytesPerSec" : 28.979535023609248,
    "sentKBytesPerSec" : 18.166541954794095
  },
  "EVENT-0" : {
    "transaction" : "EVENT-0",
    "sampleCount" : 4,
    "errorCount" : 0,
    "errorPct" : 0.0,
    "meanResTime" : 1442.0,
    "medianResTime" : 1408.5,
    "minResTime" : 1277.0,
    "maxResTime" : 1674.0,
    "pct1ResTime" : 1674.0,
    "pct2ResTime" : 1674.0,
    "pct3ResTime" : 1674.0,
    "throughput" : 2.007024586051179,
    "receivedKBytesPerSec" : 1.4386289513296537,
    "sentKBytesPerSec" : 0.6252351981936778
  },
  "Tracker PV" : {
    "transaction" : "Tracker PV",
    "sampleCount" : 550,
    "errorCount" : 70,
    "errorPct" : 12.727273,
    "meanResTime" : 2601.316363636365,
    "medianResTime" : 2402.0,
    "minResTime" : 296.0,
    "maxResTime" : 15106.0,
    "pct1ResTime" : 4190.400000000001,
    "pct2ResTime" : 4558.399999999998,
    "pct3ResTime" : 6496.3700000000035,
    "throughput" : 24.588698140200286,
    "receivedKBytesPerSec" : 52.679757703527365,
    "sentKBytesPerSec" : 30.829040789297213
  },
  "EVENT" : {
    "transaction" : "EVENT",
    "sampleCount" : 5500,
    "errorCount" : 821,
    "errorPct" : 14.927273,
    "meanResTime" : 1162.0483636363658,
    "medianResTime" : 1283.0,
    "minResTime" : 22.0,
    "maxResTime" : 23851.0,
    "pct1ResTime" : 1559.0,
    "pct2ResTime" : 1916.8499999999995,
    "pct3ResTime" : 4502.909999999998,
    "throughput" : 79.59133467432673,
    "receivedKBytesPerSec" : 66.08227426359927,
    "sentKBytesPerSec" : 37.1996925106363
  },
  "CM request-0" : {
    "transaction" : "CM request-0",
    "sampleCount" : 25,
    "errorCount" : 0,
    "errorPct" : 0.0,
    "meanResTime" : 1852.2399999999998,
    "medianResTime" : 1592.0,
    "minResTime" : 1290.0,
    "maxResTime" : 4335.0,
    "pct1ResTime" : 2592.2000000000007,
    "pct2ResTime" : 3871.199999999999,
    "pct3ResTime" : 4335.0,
    "throughput" : 1.6021532940271725,
    "receivedKBytesPerSec" : 1.0044750144193797,
    "sentKBytesPerSec" : 0.35516484154703926
  },
  "CM request-1" : {
    "transaction" : "CM request-1",
    "sampleCount" : 25,
    "errorCount" : 9,
    "errorPct" : 36.0,
    "meanResTime" : 1130.6399999999999,
    "medianResTime" : 1656.0,
    "minResTime" : 77.0,
    "maxResTime" : 1826.0,
    "pct1ResTime" : 1783.6000000000001,
    "pct2ResTime" : 1822.1,
    "pct3ResTime" : 1826.0,
    "throughput" : 1.783039726125098,
    "receivedKBytesPerSec" : 2.4715298703730118,
    "sentKBytesPerSec" : 0.3476927465943941
  },
  "Total" : {
    "transaction" : "Total",
    "sampleCount" : 23098,
    "errorCount" : 3438,
    "errorPct" : 14.884405,
    "meanResTime" : 1471.5904840245876,
    "medianResTime" : 1621.0,
    "minResTime" : 0.0,
    "maxResTime" : 23851.0,
    "pct1ResTime" : 2095.9000000000015,
    "pct2ResTime" : 2557.0,
    "pct3ResTime" : 4585.930000000011,
    "throughput" : 328.3297796730633,
    "receivedKBytesPerSec" : 320.35304781894104,
    "sentKBytesPerSec" : 168.47935267857144
  },
  "ADAGIO adv" : {
    "transaction" : "ADAGIO adv",
    "sampleCount" : 5500,
    "errorCount" : 782,
    "errorPct" : 14.218182,
    "meanResTime" : 1686.289999999996,
    "medianResTime" : 1930.0,
    "minResTime" : 0.0,
    "maxResTime" : 15110.0,
    "pct1ResTime" : 2302.0,
    "pct2ResTime" : 2584.8999999999996,
    "pct3ResTime" : 3711.8899999999976,
    "throughput" : 79.60170202911975,
    "receivedKBytesPerSec" : 72.89025525913974,
    "sentKBytesPerSec" : 31.084266768822186
  },
  "CM request" : {
    "transaction" : "CM request",
    "sampleCount" : 5500,
    "errorCount" : 883,
    "errorPct" : 16.054546,
    "meanResTime" : 1410.972909090909,
    "medianResTime" : 1602.0,
    "minResTime" : 5.0,
    "maxResTime" : 21044.0,
    "pct1ResTime" : 1910.0,
    "pct2ResTime" : 2255.0,
    "pct3ResTime" : 3964.1899999999605,
    "throughput" : 79.49929896072734,
    "receivedKBytesPerSec" : 88.35392862047034,
    "sentKBytesPerSec" : 30.200262008911146
  }
}