{
  "" : {
    "transaction" : "",
    "sampleCount" : 4500,
    "errorCount" : 295,
    "errorPct" : 6.5555553,
    "meanResTime" : 1324.5046666666665,
    "medianResTime" : 1456.0,
    "minResTime" : 17.0,
    "maxResTime" : 4804.0,
    "pct1ResTime" : 1608.0,
    "pct2ResTime" : 1674.0,
    "pct3ResTime" : 2009.9599999999991,
    "throughput" : 78.74153528495687,
    "receivedKBytesPerSec" : 59.52535395413743,
    "sentKBytesPerSec" : 66.28340431919193
  },
  "Tracker PV-0" : {
    "transaction" : "Tracker PV-0",
    "sampleCount" : 493,
    "errorCount" : 0,
    "errorPct" : 0.0,
    "meanResTime" : 933.4077079107506,
    "medianResTime" : 856.0,
    "minResTime" : 307.0,
    "maxResTime" : 4334.0,
    "pct1ResTime" : 1423.6,
    "pct2ResTime" : 1672.4999999999998,
    "pct3ResTime" : 2246.3200000000006,
    "throughput" : 43.01169080439714,
    "receivedKBytesPerSec" : 45.405896249563774,
    "sentKBytesPerSec" : 27.974400464578608
  },
  "Tracker PV-1" : {
    "transaction" : "Tracker PV-1",
    "sampleCount" : 493,
    "errorCount" : 5,
    "errorPct" : 1.0141988,
    "meanResTime" : 1152.298174442191,
    "medianResTime" : 1207.0,
    "minResTime" : 54.0,
    "maxResTime" : 2077.0,
    "pct1ResTime" : 1736.0,
    "pct2ResTime" : 1758.0,
    "pct3ResTime" : 1994.48,
    "throughput" : 39.735633110340935,
    "receivedKBytesPerSec" : 38.99441532501813,
    "sentKBytesPerSec" : 28.84649290722979
  },
  "Total" : {
    "transaction" : "Total",
    "sampleCount" : 21000,
    "errorCount" : 1249,
    "errorPct" : 5.947619,
    "meanResTime" : 1237.0705238095177,
    "medianResTime" : 1365.0,
    "minResTime" : 9.0,
    "maxResTime" : 8953.0,
    "pct1ResTime" : 1701.0,
    "pct2ResTime" : 1775.0,
    "pct3ResTime" : 2785.950000000008,
    "throughput" : 355.7573396127327,
    "receivedKBytesPerSec" : 303.13996219019464,
    "sentKBytesPerSec" : 204.49272351831303
  },
  "ADAGIO adv" : {
    "transaction" : "ADAGIO adv",
    "sampleCount" : 5000,
    "errorCount" : 317,
    "errorPct" : 6.34,
    "meanResTime" : 1448.8017999999986,
    "medianResTime" : 1627.0,
    "minResTime" : 20.0,
    "maxResTime" : 8953.0,
    "pct1ResTime" : 1773.9000000000005,
    "pct2ResTime" : 1910.0,
    "pct3ResTime" : 2160.869999999997,
    "throughput" : 86.36771920127133,
    "receivedKBytesPerSec" : 69.1687687309991,
    "sentKBytesPerSec" : 36.50156217612105
  },
  "Tracker PV" : {
    "transaction" : "Tracker PV",
    "sampleCount" : 500,
    "errorCount" : 12,
    "errorPct" : 2.4,
    "meanResTime" : 2068.7720000000004,
    "medianResTime" : 2013.5,
    "minResTime" : 238.0,
    "maxResTime" : 6026.0,
    "pct1ResTime" : 3062.9,
    "pct2ResTime" : 3290.5499999999997,
    "pct3ResTime" : 4069.960000000001,
    "throughput" : 37.898885772758284,
    "receivedKBytesPerSec" : 77.30477040381263,
    "sentKBytesPerSec" : 51.43189688660654
  },
  "CM request" : {
    "transaction" : "CM request",
    "sampleCount" : 5000,
    "errorCount" : 294,
    "errorPct" : 5.88,
    "meanResTime" : 1203.3008000000013,
    "medianResTime" : 1355.0,
    "minResTime" : 9.0,
    "maxResTime" : 4642.0,
    "pct1ResTime" : 1485.9000000000005,
    "pct2ResTime" : 1553.0,
    "pct3ResTime" : 1881.9299999999985,
    "throughput" : 86.32149577887886,
    "receivedKBytesPerSec" : 85.78724664640988,
    "sentKBytesPerSec" : 37.60874148114738
  },
  "EVENT" : {
    "transaction" : "EVENT",
    "sampleCount" : 5000,
    "errorCount" : 325,
    "errorPct" : 6.5,
    "meanResTime" : 935.5311999999999,
    "medianResTime" : 1079.0,
    "minResTime" : 21.0,
    "maxResTime" : 4417.0,
    "pct1ResTime" : 1198.0,
    "pct2ResTime" : 1265.0,
    "pct3ResTime" : 1572.9199999999983,
    "throughput" : 86.38114817822158,
    "receivedKBytesPerSec" : 60.17955266442651,
    "sentKBytesPerSec" : 45.452882862844014
  },
  "CM request-0" : {
    "transaction" : "CM request-0",
    "sampleCount" : 7,
    "errorCount" : 0,
    "errorPct" : 0.0,
    "meanResTime" : 1238.857142857143,
    "medianResTime" : 1099.0,
    "minResTime" : 1015.0,
    "maxResTime" : 2121.0,
    "pct1ResTime" : 2121.0,
    "pct2ResTime" : 2121.0,
    "pct3ResTime" : 2121.0,
    "throughput" : 2.3592854735422986,
    "receivedKBytesPerSec" : 1.4791614004044489,
    "sentKBytesPerSec" : 0.5230056664981463
  },
  "CM request-1" : {
    "transaction" : "CM request-1",
    "sampleCount" : 7,
    "errorCount" : 1,
    "errorPct" : 14.285714,
    "meanResTime" : 1247.142857142857,
    "medianResTime" : 1400.0,
    "minResTime" : 144.0,
    "maxResTime" : 1481.0,
    "pct1ResTime" : 1481.0,
    "pct2ResTime" : 1481.0,
    "pct3ResTime" : 1481.0,
    "throughput" : 2.1712158808933,
    "receivedKBytesPerSec" : 2.16243166485732,
    "sentKBytesPerSec" : 0.5670362903225806
  }
}