{
  "" : {
    "transaction" : "",
    "sampleCount" : 4500,
    "errorCount" : 1298,
    "errorPct" : 28.844444,
    "meanResTime" : 4386.323111111097,
    "medianResTime" : 5636.5,
    "minResTime" : 0.0,
    "maxResTime" : 18730.0,
    "pct1ResTime" : 7372.9,
    "pct2ResTime" : 8070.0,
    "pct3ResTime" : 9399.899999999998,
    "throughput" : 28.969459751763917,
    "receivedKBytesPerSec" : 39.7549882794394,
    "sentKBytesPerSec" : 18.37112624005382
  },
  "EVENT-2" : {
    "transaction" : "EVENT-2",
    "sampleCount" : 3,
    "errorCount" : 0,
    "errorPct" : 0.0,
    "meanResTime" : 681.6666666666666,
    "medianResTime" : 691.0,
    "minResTime" : 618.0,
    "maxResTime" : 736.0,
    "pct1ResTime" : 736.0,
    "pct2ResTime" : 736.0,
    "pct3ResTime" : 736.0,
    "throughput" : 1.854140914709518,
    "receivedKBytesPerSec" : 4.039637090543881,
    "sentKBytesPerSec" : 0.3892971647095179
  },
  "Tracker PV-0" : {
    "transaction" : "Tracker PV-0",
    "sampleCount" : 476,
    "errorCount" : 0,
    "errorPct" : 0.0,
    "meanResTime" : 2560.5651260504214,
    "medianResTime" : 2321.0,
    "minResTime" : 803.0,
    "maxResTime" : 10269.0,
    "pct1ResTime" : 3563.6,
    "pct2ResTime" : 3745.699999999999,
    "pct3ResTime" : 4801.330000000007,
    "throughput" : 29.86385595081247,
    "receivedKBytesPerSec" : 31.526199494949495,
    "sentKBytesPerSec" : 19.423171936758894
  },
  "EVENT-1" : {
    "transaction" : "EVENT-1",
    "sampleCount" : 10,
    "errorCount" : 7,
    "errorPct" : 70.0,
    "meanResTime" : 2839.8,
    "medianResTime" : 60.5,
    "minResTime" : 8.0,
    "maxResTime" : 10226.0,
    "pct1ResTime" : 10218.9,
    "pct2ResTime" : 10226.0,
    "pct3ResTime" : 10226.0,
    "throughput" : 0.8965393580778196,
    "receivedKBytesPerSec" : 1.882382441276672,
    "sentKBytesPerSec" : 0.10611383808499193
  },
  "Tracker PV-1" : {
    "transaction" : "Tracker PV-1",
    "sampleCount" : 476,
    "errorCount" : 98,
    "errorPct" : 20.588236,
    "meanResTime" : 14694.10084033612,
    "medianResTime" : 17416.0,
    "minResTime" : 0.0,
    "maxResTime" : 21830.0,
    "pct1ResTime" : 20822.9,
    "pct2ResTime" : 21171.45,
    "pct3ResTime" : 21583.74,
    "throughput" : 17.393846378718116,
    "receivedKBytesPerSec" : 26.983328994007163,
    "sentKBytesPerSec" : 10.130256865270773
  },
  "EVENT-0" : {
    "transaction" : "EVENT-0",
    "sampleCount" : 10,
    "errorCount" : 0,
    "errorPct" : 0.0,
    "meanResTime" : 3160.4,
    "medianResTime" : 1788.0,
    "minResTime" : 1665.0,
    "maxResTime" : 6069.0,
    "pct1ResTime" : 6055.9,
    "pct2ResTime" : 6069.0,
    "pct3ResTime" : 6069.0,
    "throughput" : 1.5271838729383018,
    "receivedKBytesPerSec" : 1.0946806276725718,
    "sentKBytesPerSec" : 0.475753569792303
  },
  "-0" : {
    "transaction" : "-0",
    "sampleCount" : 1,
    "errorCount" : 0,
    "errorPct" : 0.0,
    "meanResTime" : 5771.0,
    "medianResTime" : 5771.0,
    "minResTime" : 5771.0,
    "maxResTime" : 5771.0,
    "pct1ResTime" : 5771.0,
    "pct2ResTime" : 5771.0,
    "pct3ResTime" : 5771.0,
    "throughput" : 0.17328019407381737,
    "receivedKBytesPerSec" : 0.18292567362675446,
    "sentKBytesPerSec" : 0.11269981372379137
  },
  "-1" : {
    "transaction" : "-1",
    "sampleCount" : 1,
    "errorCount" : 0,
    "errorPct" : 0.0,
    "meanResTime" : 12959.0,
    "medianResTime" : 12959.0,
    "minResTime" : 12959.0,
    "maxResTime" : 12959.0,
    "pct1ResTime" : 12959.0,
    "pct2ResTime" : 12959.0,
    "pct3ResTime" : 12959.0,
    "throughput" : 0.07716644802839726,
    "receivedKBytesPerSec" : 0.09969844798981403,
    "sentKBytesPerSec" : 0.0565937524114515
  },
  "Tracker PV" : {
    "transaction" : "Tracker PV",
    "sampleCount" : 500,
    "errorCount" : 122,
    "errorPct" : 24.4,
    "meanResTime" : 16466.424000000006,
    "medianResTime" : 19873.5,
    "minResTime" : 135.0,
    "maxResTime" : 23933.0,
    "pct1ResTime" : 22720.4,
    "pct2ResTime" : 23292.8,
    "pct3ResTime" : 23673.98,
    "throughput" : 17.036355582813723,
    "receivedKBytesPerSec" : 44.1234289285836,
    "sentKBytesPerSec" : 19.994226272615762
  },
  "EVENT" : {
    "transaction" : "EVENT",
    "sampleCount" : 5000,
    "errorCount" : 1403,
    "errorPct" : 28.06,
    "meanResTime" : 1871.683000000003,
    "medianResTime" : 2334.0,
    "minResTime" : 0.0,
    "maxResTime" : 12658.0,
    "pct1ResTime" : 3181.9000000000005,
    "pct2ResTime" : 3588.95,
    "pct3ResTime" : 5566.879999999997,
    "throughput" : 31.749861888100785,
    "receivedKBytesPerSec" : 33.098300846610066,
    "sentKBytesPerSec" : 14.038554899083065
  },
  "CM request-0" : {
    "transaction" : "CM request-0",
    "sampleCount" : 11,
    "errorCount" : 0,
    "errorPct" : 0.0,
    "meanResTime" : 1929.727272727273,
    "medianResTime" : 1038.0,
    "minResTime" : 937.0,
    "maxResTime" : 4847.0,
    "pct1ResTime" : 4567.4000000000015,
    "pct2ResTime" : 4847.0,
    "pct3ResTime" : 4847.0,
    "throughput" : 1.6301126259632484,
    "receivedKBytesPerSec" : 1.0220042049496147,
    "sentKBytesPerSec" : 0.3613628575133373
  },
  "CM request-1" : {
    "transaction" : "CM request-1",
    "sampleCount" : 11,
    "errorCount" : 7,
    "errorPct" : 63.636364,
    "meanResTime" : 4678.727272727272,
    "medianResTime" : 30.0,
    "minResTime" : 1.0,
    "maxResTime" : 14329.0,
    "pct1ResTime" : 14295.4,
    "pct2ResTime" : 14329.0,
    "pct3ResTime" : 14329.0,
    "throughput" : 0.6479736098020735,
    "receivedKBytesPerSec" : 1.3423707550365223,
    "sentKBytesPerSec" : 0.07179253063147974
  },
  "Total" : {
    "transaction" : "Total",
    "sampleCount" : 20999,
    "errorCount" : 5514,
    "errorPct" : 26.258392,
    "meanResTime" : 4055.6946997476175,
    "medianResTime" : 3569.0,
    "minResTime" : 0.0,
    "maxResTime" : 23933.0,
    "pct1ResTime" : 6848.800000000003,
    "pct2ResTime" : 7769.0,
    "pct3ResTime" : 19612.950000000008,
    "throughput" : 125.29535311105278,
    "receivedKBytesPerSec" : 166.7486412171979,
    "sentKBytesPerSec" : 58.695365035188786
  },
  "ADAGIO adv" : {
    "transaction" : "ADAGIO adv",
    "sampleCount" : 5000,
    "errorCount" : 1254,
    "errorPct" : 25.08,
    "meanResTime" : 3952.840000000007,
    "medianResTime" : 5039.0,
    "minResTime" : 0.0,
    "maxResTime" : 14345.0,
    "pct1ResTime" : 6412.900000000001,
    "pct2ResTime" : 7063.95,
    "pct3ResTime" : 8633.359999999986,
    "throughput" : 31.772862162969368,
    "receivedKBytesPerSec" : 35.050189455619666,
    "sentKBytesPerSec" : 11.55811087696277
  },
  "CM request" : {
    "transaction" : "CM request",
    "sampleCount" : 5000,
    "errorCount" : 1325,
    "errorPct" : 26.5,
    "meanResTime" : 3940.912199999997,
    "medianResTime" : 4714.0,
    "minResTime" : 0.0,
    "maxResTime" : 16411.0,
    "pct1ResTime" : 7034.0,
    "pct2ResTime" : 7325.849999999999,
    "pct3ResTime" : 14382.869999999997,
    "throughput" : 31.74421779072942,
    "receivedKBytesPerSec" : 53.58611204359752,
    "sentKBytesPerSec" : 11.238401704426416
  }
}