{
  "" : {
    "transaction" : "",
    "sampleCount" : 4050,
    "errorCount" : 0,
    "errorPct" : 0.0,
    "meanResTime" : 1446.5417283950608,
    "medianResTime" : 1456.0,
    "minResTime" : 226.0,
    "maxResTime" : 3072.0,
    "pct1ResTime" : 1672.9,
    "pct2ResTime" : 1827.0,
    "pct3ResTime" : 2447.0,
    "throughput" : 67.47750749750084,
    "receivedKBytesPerSec" : 45.138762339636784,
    "sentKBytesPerSec" : 61.34917917985671
  },
  "Tracker PV-0" : {
    "transaction" : "Tracker PV-0",
    "sampleCount" : 450,
    "errorCount" : 0,
    "errorPct" : 0.0,
    "meanResTime" : 1189.764444444444,
    "medianResTime" : 1143.0,
    "minResTime" : 595.0,
    "maxResTime" : 5387.0,
    "pct1ResTime" : 1734.1000000000004,
    "pct2ResTime" : 1957.4499999999991,
    "pct3ResTime" : 3725.5300000000125,
    "throughput" : 34.06510219530659,
    "receivedKBytesPerSec" : 35.96130417297502,
    "sentKBytesPerSec" : 22.15562310749432
  },
  "Tracker PV-1" : {
    "transaction" : "Tracker PV-1",
    "sampleCount" : 450,
    "errorCount" : 0,
    "errorPct" : 0.0,
    "meanResTime" : 1197.4488888888884,
    "medianResTime" : 1406.5,
    "minResTime" : 118.0,
    "maxResTime" : 2300.0,
    "pct1ResTime" : 1690.0,
    "pct2ResTime" : 1710.0,
    "pct3ResTime" : 1948.94,
    "throughput" : 32.9766964678294,
    "receivedKBytesPerSec" : 31.785155677487907,
    "sentKBytesPerSec" : 24.18505766341785
  },
  "Total" : {
    "transaction" : "Total",
    "sampleCount" : 18900,
    "errorCount" : 0,
    "errorPct" : 0.0,
    "meanResTime" : 1344.5242328042318,
    "medianResTime" : 1378.0,
    "minResTime" : 83.0,
    "maxResTime" : 7071.0,
    "pct1ResTime" : 1713.0,
    "pct2ResTime" : 1943.0,
    "pct3ResTime" : 2732.9600000000064,
    "throughput" : 303.2490974729242,
    "receivedKBytesPerSec" : 234.8474165162455,
    "sentKBytesPerSec" : 186.3506881768953
  },
  "ADAGIO adv" : {
    "transaction" : "ADAGIO adv",
    "sampleCount" : 4500,
    "errorCount" : 0,
    "errorPct" : 0.0,
    "meanResTime" : 1579.7844444444454,
    "medianResTime" : 1645.0,
    "minResTime" : 85.0,
    "maxResTime" : 3166.0,
    "pct1ResTime" : 1771.0,
    "pct2ResTime" : 1985.9499999999998,
    "pct3ResTime" : 2622.859999999997,
    "throughput" : 74.22680412371135,
    "receivedKBytesPerSec" : 52.84310567010309,
    "sentKBytesPerSec" : 33.0541237113402
  },
  "Tracker PV" : {
    "transaction" : "Tracker PV",
    "sampleCount" : 450,
    "errorCount" : 0,
    "errorPct" : 0.0,
    "meanResTime" : 2387.660000000002,
    "medianResTime" : 2503.0,
    "minResTime" : 802.0,
    "maxResTime" : 7071.0,
    "pct1ResTime" : 3244.9,
    "pct2ResTime" : 3397.2999999999997,
    "pct3ResTime" : 5232.810000000015,
    "throughput" : 30.366421485930225,
    "receivedKBytesPerSec" : 61.325937141507524,
    "sentKBytesPerSec" : 42.02072191949524
  },
  "CM request" : {
    "transaction" : "CM request",
    "sampleCount" : 4500,
    "errorCount" : 0,
    "errorPct" : 0.0,
    "meanResTime" : 1296.4937777777764,
    "medianResTime" : 1343.0,
    "minResTime" : 146.0,
    "maxResTime" : 2651.0,
    "pct1ResTime" : 1488.9,
    "pct2ResTime" : 1673.0,
    "pct3ResTime" : 2258.0,
    "throughput" : 74.01072333146936,
    "receivedKBytesPerSec" : 69.28386658744778,
    "sentKBytesPerSec" : 34.750347439228975
  },
  "EVENT" : {
    "transaction" : "EVENT",
    "sampleCount" : 4500,
    "errorCount" : 0,
    "errorPct" : 0.0,
    "meanResTime" : 991.3486666666687,
    "medianResTime" : 1044.0,
    "minResTime" : 83.0,
    "maxResTime" : 2817.0,
    "pct1ResTime" : 1167.0,
    "pct2ResTime" : 1360.8499999999995,
    "pct3ResTime" : 1874.719999999994,
    "throughput" : 74.13631196560075,
    "receivedKBytesPerSec" : 44.380428940344984,
    "sentKBytesPerSec" : 42.338784411604806
  }
}