{
  "" : {
    "transaction" : "",
    "sampleCount" : 4500,
    "errorCount" : 1412,
    "errorPct" : 31.377777,
    "meanResTime" : 3903.819333333333,
    "medianResTime" : 5204.0,
    "minResTime" : 0.0,
    "maxResTime" : 12449.0,
    "pct1ResTime" : 6522.0,
    "pct2ResTime" : 7325.95,
    "pct3ResTime" : 8358.939999999999,
    "throughput" : 30.236245867713066,
    "receivedKBytesPerSec" : 41.81489076316284,
    "sentKBytesPerSec" : 18.325894656919395
  },
  "Tracker PV-0" : {
    "transaction" : "Tracker PV-0",
    "sampleCount" : 480,
    "errorCount" : 0,
    "errorPct" : 0.0,
    "meanResTime" : 3021.2562499999995,
    "medianResTime" : 3032.5,
    "minResTime" : 955.0,
    "maxResTime" : 7839.0,
    "pct1ResTime" : 4520.6,
    "pct2ResTime" : 4716.2,
    "pct3ResTime" : 5320.15,
    "throughput" : 33.86960203217612,
    "receivedKBytesPerSec" : 35.7549216765453,
    "sentKBytesPerSec" : 22.028471634208298
  },
  "EVENT-1" : {
    "transaction" : "EVENT-1",
    "sampleCount" : 2,
    "errorCount" : 2,
    "errorPct" : 100.0,
    "meanResTime" : 30.5,
    "medianResTime" : 30.5,
    "minResTime" : 11.0,
    "maxResTime" : 50.0,
    "pct1ResTime" : 50.0,
    "pct2ResTime" : 50.0,
    "pct3ResTime" : 50.0,
    "throughput" : 1.5372790161414296,
    "receivedKBytesPerSec" : 3.898743754803997,
    "sentKBytesPerSec" : 0.0
  },
  "Tracker PV-1" : {
    "transaction" : "Tracker PV-1",
    "sampleCount" : 480,
    "errorCount" : 114,
    "errorPct" : 23.75,
    "meanResTime" : 5661.758333333334,
    "medianResTime" : 6795.0,
    "minResTime" : 0.0,
    "maxResTime" : 9222.0,
    "pct1ResTime" : 8650.8,
    "pct2ResTime" : 8863.0,
    "pct3ResTime" : 9153.75,
    "throughput" : 22.187297772025513,
    "receivedKBytesPerSec" : 35.256732024822035,
    "sentKBytesPerSec" : 12.407498757742442
  },
  "EVENT-0" : {
    "transaction" : "EVENT-0",
    "sampleCount" : 2,
    "errorCount" : 0,
    "errorPct" : 0.0,
    "meanResTime" : 4819.5,
    "medianResTime" : 4819.5,
    "minResTime" : 4158.0,
    "maxResTime" : 5481.0,
    "pct1ResTime" : 5481.0,
    "pct2ResTime" : 5481.0,
    "pct3ResTime" : 5481.0,
    "throughput" : 0.3648969166210545,
    "receivedKBytesPerSec" : 0.26155696953110746,
    "sentKBytesPerSec" : 0.1136739417989418
  },
  "Total" : {
    "transaction" : "Total",
    "sampleCount" : 20994,
    "errorCount" : 6032,
    "errorPct" : 28.73202,
    "meanResTime" : 3691.8528627226683,
    "medianResTime" : 4400.0,
    "minResTime" : 0.0,
    "maxResTime" : 21013.0,
    "pct1ResTime" : 6380.0,
    "pct2ResTime" : 7249.0,
    "pct3ResTime" : 9501.980000000003,
    "throughput" : 130.9824620510229,
    "receivedKBytesPerSec" : 175.9965822719162,
    "sentKBytesPerSec" : 59.05694408374979
  },
  "ADAGIO adv" : {
    "transaction" : "ADAGIO adv",
    "sampleCount" : 5000,
    "errorCount" : 1377,
    "errorPct" : 27.54,
    "meanResTime" : 3771.9058000000027,
    "medianResTime" : 4892.0,
    "minResTime" : 0.0,
    "maxResTime" : 21013.0,
    "pct1ResTime" : 6428.900000000001,
    "pct2ResTime" : 7002.95,
    "pct3ResTime" : 8401.889999999998,
    "throughput" : 33.34355869133201,
    "receivedKBytesPerSec" : 37.80218511801952,
    "sentKBytesPerSec" : 11.826888631263587
  },
  "Tracker PV" : {
    "transaction" : "Tracker PV",
    "sampleCount" : 500,
    "errorCount" : 134,
    "errorPct" : 26.8,
    "meanResTime" : 8351.472,
    "medianResTime" : 8368.5,
    "minResTime" : 225.0,
    "maxResTime" : 14690.0,
    "pct1ResTime" : 12884.0,
    "pct2ResTime" : 13202.8,
    "pct3ResTime" : 13742.42,
    "throughput" : 21.72401807438304,
    "receivedKBytesPerSec" : 57.0370883298575,
    "sentKBytesPerSec" : 25.226421972758082
  },
  "CM request" : {
    "transaction" : "CM request",
    "sampleCount" : 5000,
    "errorCount" : 1503,
    "errorPct" : 30.06,
    "meanResTime" : 3682.6901999999964,
    "medianResTime" : 4644.5,
    "minResTime" : 0.0,
    "maxResTime" : 15088.0,
    "pct1ResTime" : 6298.0,
    "pct2ResTime" : 7142.0,
    "pct3ResTime" : 8241.99,
    "throughput" : 32.863602902513406,
    "receivedKBytesPerSec" : 55.29999539909559,
    "sentKBytesPerSec" : 10.97117363936468
  },
  "EVENT" : {
    "transaction" : "EVENT",
    "sampleCount" : 5000,
    "errorCount" : 1482,
    "errorPct" : 29.64,
    "meanResTime" : 2839.9774,
    "medianResTime" : 3748.0,
    "minResTime" : 0.0,
    "maxResTime" : 12557.0,
    "pct1ResTime" : 4991.900000000001,
    "pct2ResTime" : 5374.9,
    "pct3ResTime" : 6686.649999999992,
    "throughput" : 33.2752126286087,
    "receivedKBytesPerSec" : 35.11394108706792,
    "sentKBytesPerSec" : 14.163984199265283
  },
  "CM request-0" : {
    "transaction" : "CM request-0",
    "sampleCount" : 15,
    "errorCount" : 0,
    "errorPct" : 0.0,
    "meanResTime" : 3878.8000000000006,
    "medianResTime" : 3775.0,
    "minResTime" : 3615.0,
    "maxResTime" : 4870.0,
    "pct1ResTime" : 4322.8,
    "pct2ResTime" : 4870.0,
    "pct3ResTime" : 4870.0,
    "throughput" : 3.080082135523614,
    "receivedKBytesPerSec" : 1.9310671201232033,
    "sentKBytesPerSec" : 0.6827916452772074
  },
  "CM request-1" : {
    "transaction" : "CM request-1",
    "sampleCount" : 15,
    "errorCount" : 8,
    "errorPct" : 53.333332,
    "meanResTime" : 3682.6666666666665,
    "medianResTime" : 51.0,
    "minResTime" : 1.0,
    "maxResTime" : 8082.0,
    "pct1ResTime" : 8051.4,
    "pct2ResTime" : 8082.0,
    "pct3ResTime" : 8082.0,
    "throughput" : 1.7201834862385321,
    "receivedKBytesPerSec" : 3.3372231579701834,
    "sentKBytesPerSec" : 0.24458858944954126
  }
}