{
  "" : {
    "transaction" : "",
    "sampleCount" : 4500,
    "errorCount" : 709,
    "errorPct" : 15.755555,
    "meanResTime" : 1961.216444444438,
    "medianResTime" : 2225.0,
    "minResTime" : 4.0,
    "maxResTime" : 5550.0,
    "pct1ResTime" : 2608.9,
    "pct2ResTime" : 2770.8499999999995,
    "pct3ResTime" : 3675.7399999999943,
    "throughput" : 58.265249310527885,
    "receivedKBytesPerSec" : 51.42669442628151,
    "sentKBytesPerSec" : 43.60952865436406
  },
  "Tracker PV-0" : {
    "transaction" : "Tracker PV-0",
    "sampleCount" : 495,
    "errorCount" : 0,
    "errorPct" : 0.0,
    "meanResTime" : 2602.672727272729,
    "medianResTime" : 2662.0,
    "minResTime" : 870.0,
    "maxResTime" : 5856.0,
    "pct1ResTime" : 3410.6000000000004,
    "pct2ResTime" : 3679.7999999999997,
    "pct3ResTime" : 3966.28,
    "throughput" : 36.45871694777933,
    "receivedKBytesPerSec" : 38.48815724663033,
    "sentKBytesPerSec" : 23.712407702364292
  },
  "EVENT-1" : {
    "transaction" : "EVENT-1",
    "sampleCount" : 1,
    "errorCount" : 1,
    "errorPct" : 100.0,
    "meanResTime" : 0.0,
    "medianResTime" : 0.0,
    "minResTime" : 0.0,
    "maxResTime" : 0.0,
    "pct1ResTime" : 0.0,
    "pct2ResTime" : 0.0,
    "pct3ResTime" : 0.0,
    "throughput" : "Infinity",
    "receivedKBytesPerSec" : "Infinity",
    "sentKBytesPerSec" : "NaN"
  },
  "Tracker PV-1" : {
    "transaction" : "Tracker PV-1",
    "sampleCount" : 495,
    "errorCount" : 42,
    "errorPct" : 8.484848,
    "meanResTime" : 3593.2646464646477,
    "medianResTime" : 3808.0,
    "minResTime" : 0.0,
    "maxResTime" : 5540.0,
    "pct1ResTime" : 4666.0,
    "pct2ResTime" : 4892.4,
    "pct3ResTime" : 5169.400000000001,
    "throughput" : 35.2212893126512,
    "receivedKBytesPerSec" : 38.70110099882596,
    "sentKBytesPerSec" : 23.639497096022485
  },
  "EVENT-0" : {
    "transaction" : "EVENT-0",
    "sampleCount" : 1,
    "errorCount" : 0,
    "errorPct" : 0.0,
    "meanResTime" : 2844.0,
    "medianResTime" : 2844.0,
    "minResTime" : 2844.0,
    "maxResTime" : 2844.0,
    "pct1ResTime" : 2844.0,
    "pct2ResTime" : 2844.0,
    "pct3ResTime" : 2844.0,
    "throughput" : 0.35161744022503516,
    "receivedKBytesPerSec" : 0.2520382823488045,
    "sentKBytesPerSec" : 0.10953707366385373
  },
  "Total" : {
    "transaction" : "Total",
    "sampleCount" : 21000,
    "errorCount" : 2828,
    "errorPct" : 13.466666,
    "meanResTime" : 2064.9334285714144,
    "medianResTime" : 2109.0,
    "minResTime" : 0.0,
    "maxResTime" : 10004.0,
    "pct1ResTime" : 2850.0,
    "pct2ResTime" : 3409.0,
    "pct3ResTime" : 6291.0,
    "throughput" : 233.76189681081982,
    "receivedKBytesPerSec" : 223.19884632242446,
    "sentKBytesPerSec" : 122.3721462438081
  },
  "ADAGIO adv" : {
    "transaction" : "ADAGIO adv",
    "sampleCount" : 5000,
    "errorCount" : 666,
    "errorPct" : 13.32,
    "meanResTime" : 2209.985400000005,
    "medianResTime" : 2489.0,
    "minResTime" : 1.0,
    "maxResTime" : 6291.0,
    "pct1ResTime" : 2986.9000000000005,
    "pct2ResTime" : 3335.699999999999,
    "pct3ResTime" : 4784.98,
    "throughput" : 62.47735195991453,
    "receivedKBytesPerSec" : 56.31087392929438,
    "sentKBytesPerSec" : 24.59996922990416
  },
  "Tracker PV" : {
    "transaction" : "Tracker PV",
    "sampleCount" : 500,
    "errorCount" : 47,
    "errorPct" : 9.4,
    "meanResTime" : 6140.601999999999,
    "medianResTime" : 6444.0,
    "minResTime" : 290.0,
    "maxResTime" : 10004.0,
    "pct1ResTime" : 7546.500000000001,
    "pct2ResTime" : 7856.45,
    "pct3ResTime" : 8074.9400000000005,
    "throughput" : 28.485159232040107,
    "receivedKBytesPerSec" : 61.41350258858884,
    "sentKBytesPerSec" : 37.2684356840711
  },
  "CM request" : {
    "transaction" : "CM request",
    "sampleCount" : 5000,
    "errorCount" : 666,
    "errorPct" : 13.32,
    "meanResTime" : 1947.9395999999977,
    "medianResTime" : 2091.0,
    "minResTime" : 1.0,
    "maxResTime" : 9693.0,
    "pct1ResTime" : 2631.0,
    "pct2ResTime" : 3377.699999999999,
    "pct3ResTime" : 4399.969999999999,
    "throughput" : 61.72610890954656,
    "receivedKBytesPerSec" : 66.20623088419565,
    "sentKBytesPerSec" : 24.26086842462625
  },
  "EVENT" : {
    "transaction" : "EVENT",
    "sampleCount" : 5000,
    "errorCount" : 694,
    "errorPct" : 13.88,
    "meanResTime" : 1518.5690000000052,
    "medianResTime" : 1659.0,
    "minResTime" : 1.0,
    "maxResTime" : 8783.0,
    "pct1ResTime" : 2047.0,
    "pct2ResTime" : 2574.949999999996,
    "pct3ResTime" : 3499.99,
    "throughput" : 63.629422244846026,
    "receivedKBytesPerSec" : 51.555938215831,
    "sentKBytesPerSec" : 30.305985440792824
  },
  "CM request-0" : {
    "transaction" : "CM request-0",
    "sampleCount" : 4,
    "errorCount" : 0,
    "errorPct" : 0.0,
    "meanResTime" : 2965.0,
    "medianResTime" : 2936.5,
    "minResTime" : 2887.0,
    "maxResTime" : 3100.0,
    "pct1ResTime" : 3100.0,
    "pct2ResTime" : 3100.0,
    "pct3ResTime" : 3100.0,
    "throughput" : 1.0408534998698933,
    "receivedKBytesPerSec" : 0.6525663544106167,
    "sentKBytesPerSec" : 0.23073607858443923
  },
  "CM request-1" : {
    "transaction" : "CM request-1",
    "sampleCount" : 4,
    "errorCount" : 3,
    "errorPct" : 75.0,
    "meanResTime" : 916.0,
    "medianResTime" : 63.5,
    "minResTime" : 36.0,
    "maxResTime" : 3501.0,
    "pct1ResTime" : 3501.0,
    "pct2ResTime" : 3501.0,
    "pct3ResTime" : 3501.0,
    "throughput" : 0.9170105456212746,
    "receivedKBytesPerSec" : 1.9137222031178358,
    "sentKBytesPerSec" : 0.06985041265474552
  }
}