{
  "" : {
    "transaction" : "",
    "sampleCount" : 4500,
    "errorCount" : 216,
    "errorPct" : 4.8,
    "meanResTime" : 1506.7795555555526,
    "medianResTime" : 1623.0,
    "minResTime" : 34.0,
    "maxResTime" : 4840.0,
    "pct1ResTime" : 1762.0,
    "pct2ResTime" : 1845.8999999999996,
    "pct3ResTime" : 2190.9699999999993,
    "throughput" : 69.14141724540595,
    "receivedKBytesPerSec" : 50.68939154592526,
    "sentKBytesPerSec" : 59.5523669411837
  },
  "Tracker PV-0" : {
    "transaction" : "Tracker PV-0",
    "sampleCount" : 500,
    "errorCount" : 0,
    "errorPct" : 0.0,
    "meanResTime" : 1205.671999999999,
    "medianResTime" : 1091.5,
    "minResTime" : 377.0,
    "maxResTime" : 8549.0,
    "pct1ResTime" : 1822.0,
    "pct2ResTime" : 2179.75,
    "pct3ResTime" : 4250.120000000001,
    "throughput" : 43.08116491469929,
    "receivedKBytesPerSec" : 45.47923757108392,
    "sentKBytesPerSec" : 28.019585774599346
  },
  "Tracker PV-1" : {
    "transaction" : "Tracker PV-1",
    "sampleCount" : 500,
    "errorCount" : 2,
    "errorPct" : 0.4,
    "meanResTime" : 1326.8879999999988,
    "medianResTime" : 1439.0,
    "minResTime" : 98.0,
    "maxResTime" : 2310.0,
    "pct1ResTime" : 1950.8000000000002,
    "pct2ResTime" : 1994.95,
    "pct3ResTime" : 2168.95,
    "throughput" : 38.91050583657588,
    "receivedKBytesPerSec" : 37.74927042801556,
    "sentKBytesPerSec" : 28.42275656614786
  },
  "Total" : {
    "transaction" : "Total",
    "sampleCount" : 21000,
    "errorCount" : 810,
    "errorPct" : 3.857143,
    "meanResTime" : 1425.088428571435,
    "medianResTime" : 1537.0,
    "minResTime" : 34.0,
    "maxResTime" : 16704.0,
    "pct1ResTime" : 1874.0,
    "pct2ResTime" : 1963.0,
    "pct3ResTime" : 3203.980000000003,
    "throughput" : 315.173345339937,
    "receivedKBytesPerSec" : 259.9400959590275,
    "sentKBytesPerSec" : 185.7043444206814
  },
  "ADAGIO adv" : {
    "transaction" : "ADAGIO adv",
    "sampleCount" : 5000,
    "errorCount" : 191,
    "errorPct" : 3.82,
    "meanResTime" : 1658.539000000002,
    "medianResTime" : 1817.0,
    "minResTime" : 61.0,
    "maxResTime" : 5198.0,
    "pct1ResTime" : 1936.0,
    "pct2ResTime" : 2099.0,
    "pct3ResTime" : 2444.899999999998,
    "throughput" : 76.32189522530224,
    "receivedKBytesPerSec" : 58.408863190140735,
    "sentKBytesPerSec" : 33.026570990810846
  },
  "Tracker PV" : {
    "transaction" : "Tracker PV",
    "sampleCount" : 500,
    "errorCount" : 2,
    "errorPct" : 0.4,
    "meanResTime" : 2533.0359999999987,
    "medianResTime" : 2444.5,
    "minResTime" : 485.0,
    "maxResTime" : 10496.0,
    "pct1ResTime" : 3657.3,
    "pct2ResTime" : 4085.75,
    "pct3ResTime" : 6219.260000000002,
    "throughput" : 36.68378576669112,
    "receivedKBytesPerSec" : 74.31475834556126,
    "sentKBytesPerSec" : 50.655006190388846
  },
  "CM request" : {
    "transaction" : "CM request",
    "sampleCount" : 5000,
    "errorCount" : 188,
    "errorPct" : 3.76,
    "meanResTime" : 1384.9397999999967,
    "medianResTime" : 1518.0,
    "minResTime" : 49.0,
    "maxResTime" : 16704.0,
    "pct1ResTime" : 1629.0,
    "pct2ResTime" : 1741.0,
    "pct3ResTime" : 2017.9699999999993,
    "throughput" : 76.29860220960752,
    "receivedKBytesPerSec" : 74.18457955178387,
    "sentKBytesPerSec" : 34.19864293398645
  },
  "EVENT" : {
    "transaction" : "EVENT",
    "sampleCount" : 5000,
    "errorCount" : 211,
    "errorPct" : 4.22,
    "meanResTime" : 1079.2314000000024,
    "medianResTime" : 1203.0,
    "minResTime" : 46.0,
    "maxResTime" : 4570.0,
    "pct1ResTime" : 1316.0,
    "pct2ResTime" : 1436.0,
    "pct3ResTime" : 1694.8799999999974,
    "throughput" : 76.35219741624164,
    "receivedKBytesPerSec" : 50.49895564509971,
    "sentKBytesPerSec" : 41.413073977644075
  }
}