{
  "" : {
    "transaction" : "",
    "sampleCount" : 900,
    "errorCount" : 0,
    "errorPct" : 0.0,
    "meanResTime" : 185.70222222222222,
    "medianResTime" : 166.0,
    "minResTime" : 84.0,
    "maxResTime" : 765.0,
    "pct1ResTime" : 243.89999999999998,
    "pct2ResTime" : 273.94999999999993,
    "pct3ResTime" : 521.99,
    "throughput" : 58.64338307161009,
    "receivedKBytesPerSec" : 39.22921621489542,
    "sentKBytesPerSec" : 53.31737269498925
  },
  "Tracker PV-0" : {
    "transaction" : "Tracker PV-0",
    "sampleCount" : 100,
    "errorCount" : 0,
    "errorPct" : 0.0,
    "meanResTime" : 556.7100000000002,
    "medianResTime" : 452.0,
    "minResTime" : 357.0,
    "maxResTime" : 1834.0,
    "pct1ResTime" : 851.7,
    "pct2ResTime" : 1099.049999999998,
    "pct3ResTime" : 1830.239999999998,
    "throughput" : 9.785693316371466,
    "receivedKBytesPerSec" : 10.3304047607398,
    "sentKBytesPerSec" : 6.36452319209316
  },
  "Tracker PV-1" : {
    "transaction" : "Tracker PV-1",
    "sampleCount" : 100,
    "errorCount" : 0,
    "errorPct" : 0.0,
    "meanResTime" : 184.29,
    "medianResTime" : 159.0,
    "minResTime" : 84.0,
    "maxResTime" : 599.0,
    "pct1ResTime" : 284.70000000000005,
    "pct2ResTime" : 302.5499999999999,
    "pct3ResTime" : 598.0199999999995,
    "throughput" : 10.462439840970914,
    "receivedKBytesPerSec" : 10.084402463904583,
    "sentKBytesPerSec" : 7.673137031805817
  },
  "Total" : {
    "transaction" : "Total",
    "sampleCount" : 4200,
    "errorCount" : 0,
    "errorPct" : 0.0,
    "meanResTime" : 202.30238095238076,
    "medianResTime" : 157.0,
    "minResTime" : 80.0,
    "maxResTime" : 1944.0,
    "pct1ResTime" : 335.8000000000002,
    "pct2ResTime" : 478.0,
    "pct3ResTime" : 812.9899999999998,
    "throughput" : 247.1315092674316,
    "receivedKBytesPerSec" : 191.38786223889377,
    "sentKBytesPerSec" : 151.86566821123859
  },
  "ADAGIO adv" : {
    "transaction" : "ADAGIO adv",
    "sampleCount" : 1000,
    "errorCount" : 0,
    "errorPct" : 0.0,
    "meanResTime" : 202.08800000000016,
    "medianResTime" : 192.0,
    "minResTime" : 85.0,
    "maxResTime" : 730.0,
    "pct1ResTime" : 277.0,
    "pct2ResTime" : 315.94999999999993,
    "pct3ResTime" : 556.0,
    "throughput" : 63.399480124262986,
    "receivedKBytesPerSec" : 45.13498145565207,
    "sentKBytesPerSec" : 28.23258099283586
  },
  "Tracker PV" : {
    "transaction" : "Tracker PV",
    "sampleCount" : 100,
    "errorCount" : 0,
    "errorPct" : 0.0,
    "meanResTime" : 741.4599999999999,
    "medianResTime" : 664.0,
    "minResTime" : 450.0,
    "maxResTime" : 1944.0,
    "pct1ResTime" : 1128.0,
    "pct2ResTime" : 1320.8499999999992,
    "pct3ResTime" : 1941.0199999999986,
    "throughput" : 9.545628102329134,
    "receivedKBytesPerSec" : 19.27769425353188,
    "sentKBytesPerSec" : 13.209135762695684
  },
  "CM request" : {
    "transaction" : "CM request",
    "sampleCount" : 1000,
    "errorCount" : 0,
    "errorPct" : 0.0,
    "meanResTime" : 184.45900000000003,
    "medianResTime" : 160.0,
    "minResTime" : 80.0,
    "maxResTime" : 796.0,
    "pct1ResTime" : 229.0,
    "pct2ResTime" : 439.0,
    "pct3ResTime" : 502.99,
    "throughput" : 63.52432981832042,
    "receivedKBytesPerSec" : 59.4672095350019,
    "sentKBytesPerSec" : 29.826657985008257
  },
  "EVENT" : {
    "transaction" : "EVENT",
    "sampleCount" : 1000,
    "errorCount" : 0,
    "errorPct" : 0.0,
    "meanResTime" : 147.74499999999978,
    "medianResTime" : 131.0,
    "minResTime" : 80.0,
    "maxResTime" : 783.0,
    "pct1ResTime" : 165.0,
    "pct2ResTime" : 410.94999999999993,
    "pct3ResTime" : 478.99,
    "throughput" : 63.52836541515787,
    "receivedKBytesPerSec" : 38.030164062003685,
    "sentKBytesPerSec" : 36.28065243631281
  }
}