{
  "" : {
    "transaction" : "",
    "sampleCount" : 4500,
    "errorCount" : 1489,
    "errorPct" : 33.08889,
    "meanResTime" : 3824.54533333334,
    "medianResTime" : 5015.5,
    "minResTime" : 0.0,
    "maxResTime" : 14582.0,
    "pct1ResTime" : 6675.8,
    "pct2ResTime" : 7244.749999999999,
    "pct3ResTime" : 8763.939999999999,
    "throughput" : 30.417531313158626,
    "receivedKBytesPerSec" : 42.71126374914662,
    "sentKBytesPerSec" : 18.039490563383374
  },
  "Tracker PV-0" : {
    "transaction" : "Tracker PV-0",
    "sampleCount" : 484,
    "errorCount" : 0,
    "errorPct" : 0.0,
    "meanResTime" : 3775.514462809917,
    "medianResTime" : 4583.5,
    "minResTime" : 545.0,
    "maxResTime" : 7463.0,
    "pct1ResTime" : 6102.0,
    "pct2ResTime" : 6330.0,
    "pct3ResTime" : 7384.799999999999,
    "throughput" : 33.6906584992343,
    "receivedKBytesPerSec" : 35.56601741960184,
    "sentKBytesPerSec" : 21.91208843797856
  },
  "EVENT-1" : {
    "transaction" : "EVENT-1",
    "sampleCount" : 3,
    "errorCount" : 3,
    "errorPct" : 100.0,
    "meanResTime" : 10.0,
    "medianResTime" : 3.0,
    "minResTime" : 1.0,
    "maxResTime" : 26.0,
    "pct1ResTime" : 26.0,
    "pct2ResTime" : 26.0,
    "pct3ResTime" : 26.0,
    "throughput" : 10.752688172043012,
    "receivedKBytesPerSec" : 27.27024529569892,
    "sentKBytesPerSec" : 0.0
  },
  "Tracker PV-1" : {
    "transaction" : "Tracker PV-1",
    "sampleCount" : 484,
    "errorCount" : 103,
    "errorPct" : 21.280993,
    "meanResTime" : 6680.260330578513,
    "medianResTime" : 8145.5,
    "minResTime" : 1.0,
    "maxResTime" : 10211.0,
    "pct1ResTime" : 9456.0,
    "pct2ResTime" : 9591.75,
    "pct3ResTime" : 9962.899999999998,
    "throughput" : 21.944142183532826,
    "receivedKBytesPerSec" : 34.29879128695139,
    "sentKBytesPerSec" : 12.66887942906692
  },
  "EVENT-0" : {
    "transaction" : "EVENT-0",
    "sampleCount" : 3,
    "errorCount" : 0,
    "errorPct" : 0.0,
    "meanResTime" : 3588.3333333333335,
    "medianResTime" : 3767.0,
    "minResTime" : 3211.0,
    "maxResTime" : 3787.0,
    "pct1ResTime" : 3787.0,
    "pct2ResTime" : 3787.0,
    "pct3ResTime" : 3787.0,
    "throughput" : 0.7383706620723602,
    "receivedKBytesPerSec" : 0.5292617831651489,
    "sentKBytesPerSec" : 0.23001976679793257
  },
  "Total" : {
    "transaction" : "Total",
    "sampleCount" : 20998,
    "errorCount" : 6272,
    "errorPct" : 29.86951,
    "meanResTime" : 3704.7915039527393,
    "medianResTime" : 4354.0,
    "minResTime" : 0.0,
    "maxResTime" : 16781.0,
    "pct1ResTime" : 6473.0,
    "pct2ResTime" : 7228.0,
    "pct3ResTime" : 11432.94000000001,
    "throughput" : 131.45275388448584,
    "receivedKBytesPerSec" : 178.9643981961869,
    "sentKBytesPerSec" : 58.70033322143134
  },
  "ADAGIO adv" : {
    "transaction" : "ADAGIO adv",
    "sampleCount" : 5000,
    "errorCount" : 1389,
    "errorPct" : 27.78,
    "meanResTime" : 3749.7486000000104,
    "medianResTime" : 4860.5,
    "minResTime" : 0.0,
    "maxResTime" : 12745.0,
    "pct1ResTime" : 6402.900000000001,
    "pct2ResTime" : 6993.849999999999,
    "pct3ResTime" : 8496.899999999998,
    "throughput" : 33.520377037200916,
    "receivedKBytesPerSec" : 38.29631060065163,
    "sentKBytesPerSec" : 12.024564517926697
  },
  "Tracker PV" : {
    "transaction" : "Tracker PV",
    "sampleCount" : 500,
    "errorCount" : 119,
    "errorPct" : 23.8,
    "meanResTime" : 10148.568000000001,
    "medianResTime" : 9951.0,
    "minResTime" : 264.0,
    "maxResTime" : 16781.0,
    "pct1ResTime" : 14240.0,
    "pct2ResTime" : 14963.5,
    "pct3ResTime" : 15543.210000000001,
    "throughput" : 21.44266232095377,
    "receivedKBytesPerSec" : 55.90437108671412,
    "sentKBytesPerSec" : 25.483054601059266
  },
  "CM request" : {
    "transaction" : "CM request",
    "sampleCount" : 5000,
    "errorCount" : 1541,
    "errorPct" : 30.82,
    "meanResTime" : 3601.3177999999934,
    "medianResTime" : 4494.5,
    "minResTime" : 0.0,
    "maxResTime" : 15094.0,
    "pct1ResTime" : 6457.0,
    "pct2ResTime" : 6816.799999999999,
    "pct3ResTime" : 8319.789999999995,
    "throughput" : 33.49432941003088,
    "receivedKBytesPerSec" : 56.38827924557373,
    "sentKBytesPerSec" : 11.187053688060612
  },
  "EVENT" : {
    "transaction" : "EVENT",
    "sampleCount" : 5000,
    "errorCount" : 1621,
    "errorPct" : 32.42,
    "meanResTime" : 2718.9023999999995,
    "medianResTime" : 3651.5,
    "minResTime" : 0.0,
    "maxResTime" : 15097.0,
    "pct1ResTime" : 4898.0,
    "pct2ResTime" : 5379.0,
    "pct3ResTime" : 6893.939999999999,
    "throughput" : 33.4144189900826,
    "receivedKBytesPerSec" : 36.931932687905984,
    "sentKBytesPerSec" : 13.704826054976744
  },
  "CM request-0" : {
    "transaction" : "CM request-0",
    "sampleCount" : 12,
    "errorCount" : 0,
    "errorPct" : 0.0,
    "meanResTime" : 3957.0000000000005,
    "medianResTime" : 3533.0,
    "minResTime" : 3014.0,
    "maxResTime" : 8392.0,
    "pct1ResTime" : 7091.200000000004,
    "pct2ResTime" : 8392.0,
    "pct3ResTime" : 8392.0,
    "throughput" : 1.3019420635781707,
    "receivedKBytesPerSec" : 0.8162566453292828,
    "sentKBytesPerSec" : 0.288614109797114
  },
  "CM request-1" : {
    "transaction" : "CM request-1",
    "sampleCount" : 12,
    "errorCount" : 7,
    "errorPct" : 58.333332,
    "meanResTime" : 3313.0000000000005,
    "medianResTime" : 63.0,
    "minResTime" : 24.0,
    "maxResTime" : 8102.0,
    "pct1ResTime" : 8078.3,
    "pct2ResTime" : 8102.0,
    "pct3ResTime" : 8102.0,
    "throughput" : 1.3842427038874148,
    "receivedKBytesPerSec" : 2.77389260583689,
    "sentKBytesPerSec" : 0.17573393701695697
  }
}