{
  "" : {
    "transaction" : "",
    "sampleCount" : 5400,
    "errorCount" : 1306,
    "errorPct" : 24.185184,
    "meanResTime" : 1563.2466666666642,
    "medianResTime" : 1795.0,
    "minResTime" : 6.0,
    "maxResTime" : 15140.0,
    "pct1ResTime" : 2320.0,
    "pct2ResTime" : 3057.95,
    "pct3ResTime" : 5171.869999999997,
    "throughput" : 75.2068187515668,
    "receivedKBytesPerSec" : 75.96371521249408,
    "sentKBytesPerSec" : 49.833956357413435
  },
  "EVENT-2" : {
    "transaction" : "EVENT-2",
    "sampleCount" : 5,
    "errorCount" : 5,
    "errorPct" : 100.0,
    "meanResTime" : 20391.2,
    "medianResTime" : 20615.0,
    "minResTime" : 18997.0,
    "maxResTime" : 21104.0,
    "pct1ResTime" : 21104.0,
    "pct2ResTime" : 21104.0,
    "pct3ResTime" : 21104.0,
    "throughput" : 0.18999126040202152,
    "receivedKBytesPerSec" : 0.6453023473420223,
    "sentKBytesPerSec" : 0.0
  },
  "Tracker PV-0" : {
    "transaction" : "Tracker PV-0",
    "sampleCount" : 545,
    "errorCount" : 0,
    "errorPct" : 0.0,
    "meanResTime" : 1346.5816513761458,
    "medianResTime" : 1330.0,
    "minResTime" : 401.0,
    "maxResTime" : 6182.0,
    "pct1ResTime" : 2091.8,
    "pct2ResTime" : 2394.2,
    "pct3ResTime" : 2900.24,
    "throughput" : 35.70258761873567,
    "receivedKBytesPerSec" : 37.689938687356694,
    "sentKBytesPerSec" : 23.220628275466755
  },
  "EVENT-1" : {
    "transaction" : "EVENT-1",
    "sampleCount" : 10,
    "errorCount" : 5,
    "errorPct" : 50.0,
    "meanResTime" : 780.5999999999999,
    "medianResTime" : 765.0,
    "minResTime" : 50.0,
    "maxResTime" : 1567.0,
    "pct1ResTime" : 1561.9,
    "pct2ResTime" : 1567.0,
    "pct3ResTime" : 1567.0,
    "throughput" : 1.235941169200346,
    "receivedKBytesPerSec" : 2.1730356260042023,
    "sentKBytesPerSec" : 0.24380870720553705
  },
  "Tracker PV-1" : {
    "transaction" : "Tracker PV-1",
    "sampleCount" : 545,
    "errorCount" : 57,
    "errorPct" : 10.458715,
    "meanResTime" : 1397.209174311925,
    "medianResTime" : 1354.0,
    "minResTime" : 50.0,
    "maxResTime" : 2933.0,
    "pct1ResTime" : 2499.6000000000004,
    "pct2ResTime" : 2595.0,
    "pct3ResTime" : 2662.62,
    "throughput" : 37.49054137717548,
    "receivedKBytesPerSec" : 42.872753039657425,
    "sentKBytesPerSec" : 24.619827853064592
  },
  "EVENT-0" : {
    "transaction" : "EVENT-0",
    "sampleCount" : 10,
    "errorCount" : 0,
    "errorPct" : 0.0,
    "meanResTime" : 1617.5,
    "medianResTime" : 1544.0,
    "minResTime" : 1300.0,
    "maxResTime" : 2286.0,
    "pct1ResTime" : 2249.2000000000003,
    "pct2ResTime" : 2286.0,
    "pct3ResTime" : 2286.0,
    "throughput" : 1.2175818823815903,
    "receivedKBytesPerSec" : 0.8727588883477415,
    "sentKBytesPerSec" : 0.3793052934372337
  },
  "Tracker PV" : {
    "transaction" : "Tracker PV",
    "sampleCount" : 600,
    "errorCount" : 112,
    "errorPct" : 18.666666,
    "meanResTime" : 2579.2316666666666,
    "medianResTime" : 2462.5,
    "minResTime" : 279.0,
    "maxResTime" : 6256.0,
    "pct1ResTime" : 4274.0,
    "pct2ResTime" : 4504.799999999999,
    "pct3ResTime" : 4986.39,
    "throughput" : 39.115978877371404,
    "receivedKBytesPerSec" : 86.36246607911207,
    "sentKBytesPerSec" : 46.44118443998957
  },
  "EVENT" : {
    "transaction" : "EVENT",
    "sampleCount" : 6000,
    "errorCount" : 1334,
    "errorPct" : 22.233334,
    "meanResTime" : 1210.0748333333318,
    "medianResTime" : 1314.0,
    "minResTime" : 0.0,
    "maxResTime" : 24335.0,
    "pct1ResTime" : 1787.9000000000005,
    "pct2ResTime" : 2571.8999999999996,
    "pct3ResTime" : 4713.939999999999,
    "throughput" : 82.26728641355766,
    "receivedKBytesPerSec" : 78.07370345471185,
    "sentKBytesPerSec" : 34.54885926980927
  },
  "CM request-0" : {
    "transaction" : "CM request-0",
    "sampleCount" : 43,
    "errorCount" : 0,
    "errorPct" : 0.0,
    "meanResTime" : 2023.5813953488382,
    "medianResTime" : 1740.0,
    "minResTime" : 1285.0,
    "maxResTime" : 3138.0,
    "pct1ResTime" : 2833.2000000000003,
    "pct2ResTime" : 3047.6,
    "pct3ResTime" : 3138.0,
    "throughput" : 7.289371079844042,
    "receivedKBytesPerSec" : 4.570093977792847,
    "sentKBytesPerSec" : 1.6159055030513647
  },
  "CM request-1" : {
    "transaction" : "CM request-1",
    "sampleCount" : 43,
    "errorCount" : 18,
    "errorPct" : 41.860466,
    "meanResTime" : 1042.813953488372,
    "medianResTime" : 1653.0,
    "minResTime" : 38.0,
    "maxResTime" : 2031.0,
    "pct1ResTime" : 1801.8,
    "pct2ResTime" : 1940.5999999999995,
    "pct3ResTime" : 2031.0,
    "throughput" : 7.199062447681232,
    "receivedKBytesPerSec" : 11.24313970157375,
    "sentKBytesPerSec" : 1.275269964841788
  },
  "Total" : {
    "transaction" : "Total",
    "sampleCount" : 25201,
    "errorCount" : 5497,
    "errorPct" : 21.812626,
    "meanResTime" : 1510.506924328412,
    "medianResTime" : 1633.0,
    "minResTime" : 0.0,
    "maxResTime" : 24335.0,
    "pct1ResTime" : 2345.0,
    "pct2ResTime" : 3030.9500000000007,
    "pct3ResTime" : 5437.980000000003,
    "throughput" : 340.1633259094284,
    "receivedKBytesPerSec" : 365.7265118824661,
    "sentKBytesPerSec" : 158.86473834953097
  },
  "ADAGIO adv" : {
    "transaction" : "ADAGIO adv",
    "sampleCount" : 6000,
    "errorCount" : 1314,
    "errorPct" : 21.9,
    "meanResTime" : 1689.2333333333302,
    "medianResTime" : 1981.0,
    "minResTime" : 1.0,
    "maxResTime" : 15137.0,
    "pct1ResTime" : 2538.0,
    "pct2ResTime" : 3286.8999999999996,
    "pct3ResTime" : 5425.959999999999,
    "throughput" : 82.32259480818834,
    "receivedKBytesPerSec" : 84.62202673940783,
    "sentKBytesPerSec" : 29.529988363358214
  },
  "CM request" : {
    "transaction" : "CM request",
    "sampleCount" : 6000,
    "errorCount" : 1346,
    "errorPct" : 22.433332,
    "meanResTime" : 1488.0344999999988,
    "medianResTime" : 1654.0,
    "minResTime" : 0.0,
    "maxResTime" : 21050.0,
    "pct1ResTime" : 2194.9000000000005,
    "pct2ResTime" : 2940.95,
    "pct3ResTime" : 5435.52999999999,
    "throughput" : 82.2064203214271,
    "receivedKBytesPerSec" : 97.54644074030307,
    "sentKBytesPerSec" : 28.39328675397674
  }
}